sl_nb_chambre,sl_taille,sl_prix,sl_salle_d_eau,sl_salle_de_bain,sl_toilette,sl_etage,sl_hauteur,sl_parking,sl_terrasse,sl_nb_piece,sl_style_enc,sl_localisation_enc,sl_cuisine_enc,sl_exposition_enc,sl_vue_enc,sl_ascenseur_enc,sl_neuf_enc,sl_cave_enc,sl_annee_enc,sl_balcon_enc,sl_parquet_enc,sl_gardien_enc
3.0,217.0,1995000.0,1.5,3.0,1.0,4.0,6.0,2.0,3.0,4.0,0,0,0,0,0,1,0,1,0,0,0,1
3.0,156.0,2950000.0,1.0,1.0,1.0,2.0,6.5,1.9333333333333333,2.3333333333333335,6.0,0,0,0,0,0,1,1,0,0,1,0,0
1.0,55.0,595000.0,1.0,1.0,1.0,4.0,7.0,1.8666666666666667,1.6666666666666667,3.0,0,0,1,0,0,1,0,0,0,0,1,1
1.0,25.0,370000.0,1.0,1.0,1.0,4.0,7.0,1.8,1.0,1.0,0,0,0,0,0,1,0,0,0,0,1,0
1.0,44.0,455000.0,1.0,1.0,1.0,5.0,7.0,1.7333333333333334,1.0,2.0,0,0,0,0,0,0,0,1,1,0,0,0
3.0,153.0,2130000.0,1.0,1.0,2.0,3.0,7.0,1.6666666666666667,1.0,5.0,0,0,0,0,0,1,0,0,0,1,1,0
1.0,35.0,359000.0,1.0,1.0,1.0,2.5,7.0,1.6,1.0,2.0,0,0,0,0,0,1,1,1,0,0,1,0
1.0,64.0,780000.0,1.0,1.0,1.0,2.0,6.0,1.5333333333333332,1.0,2.0,0,0,0,0,0,1,0,1,0,0,1,1
1.0,58.0,735000.0,1.0,1.0,1.0,1.0,5.0,1.4666666666666668,1.1538461538461537,2.0,0,0,0,0,0,1,0,1,0,0,0,0
2.0,152.0,2300000.0,1.0,1.0,1.0,4.0,5.0,1.4,1.3076923076923077,4.0,0,0,0,0,0,1,0,1,0,0,0,1
2.0,61.0,820000.0,1.0,1.0,1.0,1.0,7.0,1.3333333333333335,1.4615384615384617,3.0,0,0,1,0,0,1,0,0,0,0,1,1
2.0,92.0,1100000.0,1.0,1.0,1.0,7.0,9.0,1.2666666666666666,1.6153846153846154,4.0,0,0,0,0,0,1,1,1,0,0,1,0
2.0,72.0,792330.0,1.0,1.0,1.0,1.0,6.0,1.2,1.7692307692307692,3.0,0,0,1,0,0,1,1,1,0,0,1,1
4.0,124.0,1159000.0,1.0,1.0,1.0,2.0,7.0,1.1333333333333333,1.9230769230769231,6.0,0,0,0,0,0,1,0,0,0,0,1,0
1.0,44.0,455000.0,1.0,1.0,1.0,5.0,7.0,1.0666666666666667,2.076923076923077,2.0,0,0,0,0,0,0,0,1,1,0,0,0
4.0,110.0,990000.0,1.0,2.0,1.0,3.0,7.0,1.0,2.230769230769231,5.0,0,0,0,0,0,1,0,0,0,0,1,1
2.0,69.0,845000.0,1.0,1.0,1.0,3.0,9.0,1.0,2.3846153846153846,3.0,0,0,0,0,0,1,0,1,0,0,0,1
1.5,33.0,385000.0,1.0,1.0,1.0,3.0,9.0,1.0,2.5384615384615383,1.0,0,0,0,0,0,1,0,1,0,0,0,1
1.0,54.0,850000.0,1.0,1.0,1.0,2.0,7.0,1.0,2.6923076923076925,2.0,0,0,0,0,0,1,1,1,0,0,1,1
3.0,101.0,1710000.0,1.0,1.0,2.0,1.0,8.0,1.0,2.8461538461538463,4.0,0,0,0,0,0,1,1,1,0,0,1,1
2.0,148.0,3620000.0,1.25,2.0,2.0,9.0,9.0,1.0,3.0,5.0,0,0,0,0,0,1,0,1,0,0,0,1
2.0,72.0,880000.0,1.5,1.0,1.0,5.0,8.0,1.0,3.0,3.0,0,0,0,0,0,1,0,1,0,0,1,1
1.0,43.0,570000.0,1.75,2.0,2.5,4.0,6.0,1.0,3.0,2.0,0,0,0,0,0,1,0,1,0,0,0,1
4.0,245.0,4850000.0,2.0,3.0,4.0,4.5,7.0,1.0,3.0,10.0,0,0,0,0,0,0,1,0,0,0,0,0
2.0,72.0,880000.0,1.75,1.0,1.0,5.0,8.0,1.0,3.0,3.0,0,0,0,0,0,1,0,1,0,0,1,1
2.0,66.0,770000.0,1.5,1.0,1.0,5.0,5.0,1.0,3.0,3.0,0,0,0,0,0,1,0,1,0,0,0,0
1.0,40.0,475000.0,1.25,1.0,1.0,1.0,7.0,1.0,3.0,2.0,0,0,0,0,0,1,1,1,0,0,0,0
3.0,153.0,2130000.0,1.0,1.0,2.0,3.0,3.0,1.0,3.0,5.0,0,0,0,0,0,1,0,1,0,1,1,0
1.0,69.0,867000.0,1.5,1.0,1.0,3.0,3.0,1.0,3.0,3.0,0,0,0,0,0,1,0,1,0,0,1,0
4.0,245.0,4850000.0,2.0,3.0,4.0,6.0,6.0,1.0,3.0,10.0,0,0,0,0,0,0,1,0,0,0,0,0
2.0,148.0,3620000.0,1.6666666666666667,2.0,2.0,9.0,9.0,1.0,3.0,5.0,0,0,0,0,0,1,0,1,0,0,0,1
2.3333333333333335,35.0,425000.0,1.3333333333333335,1.0,1.0,5.0,7.333333333333333,1.0,2.7777777777777777,1.0,0,0,0,0,0,1,0,0,0,0,1,1
2.6666666666666665,19.0,240000.0,1.0,1.0,1.0,6.0,5.666666666666666,1.0,2.5555555555555554,1.0,0,0,0,0,0,0,0,0,0,0,1,1
3.0,196.0,2500000.0,1.0,1.0,3.0,1.0,4.0,1.0,2.3333333333333335,6.0,0,0,1,0,0,1,1,1,0,0,1,0
4.0,245.0,4850000.0,2.0,3.0,4.0,2.5,5.5,1.0,2.111111111111111,10.0,0,0,0,0,0,0,1,0,0,0,0,0
1.0,64.0,1070000.0,1.8,1.0,2.0,4.0,7.0,1.0,1.8888888888888888,2.0,0,0,0,0,0,1,0,1,0,0,0,1
1.0,51.0,725000.0,1.6,1.0,1.0,1.0,2.0,1.1428571428571428,1.6666666666666667,2.0,0,0,0,0,0,0,0,0,0,0,0,1
1.0,65.0,770000.0,1.4,1.0,1.0,4.0,4.0,1.2857142857142856,1.4444444444444446,2.0,0,0,0,0,0,1,1,0,0,0,0,1
3.0,119.0,1401000.0,1.2,2.0,2.0,4.0,6.0,1.4285714285714286,1.2222222222222223,5.0,0,0,1,1,0,1,0,0,0,0,1,1
3.0,105.0,1295000.0,1.0,1.0,1.0,4.0,8.0,1.5714285714285714,1.0,4.0,0,0,1,0,0,1,0,1,0,1,0,1
2.0,78.0,830000.0,1.0,1.0,1.0,6.0,7.666666666666667,1.7142857142857142,1.0,3.0,0,0,0,0,0,1,0,1,0,0,0,0
2.0,65.0,984000.0,1.0,1.5,1.0,5.5,7.333333333333333,1.8571428571428572,1.0,3.0,0,0,0,0,0,1,0,1,0,0,1,1
3.0,141.0,2020000.0,1.0,2.0,2.0,5.0,7.0,2.0,1.0,6.0,0,0,0,0,0,1,0,1,0,0,0,0
2.0,100.0,1350000.0,1.0,1.5,1.0,2.0,6.5,1.5,1.0,4.0,0,0,1,0,0,1,1,1,0,0,1,1
1.0,78.0,950000.0,1.5,1.0,1.0,3.0,6.0,1.0,1.0,3.0,0,0,0,0,0,1,0,1,0,0,1,1
3.0,89.0,890000.0,2.0,1.0,2.0,4.0,8.0,1.0,1.0,4.0,0,0,0,0,0,1,0,1,0,1,1,1
1.0,61.0,649000.0,1.5,1.0,1.0,1.0,9.0,1.0,1.0,2.0,0,0,0,0,0,1,0,1,0,0,0,1
2.0,72.0,798000.0,1.0,1.5,1.0,1.0,6.0,1.0,1.0,3.0,0,0,0,0,0,1,0,1,0,0,0,1
2.0,70.625,835000.0,1.0,2.0,1.0,1.0,4.0,1.0,1.0,3.0,0,0,0,0,0,1,0,0,0,0,1,0
1.0,69.25,600000.0,1.0,1.0,1.0,7.0,7.0,1.0,1.0,2.0,0,0,0,0,0,1,0,0,1,0,0,0
1.0,67.875,400000.0,1.0,1.0,1.0,4.0,9.0,1.0,1.0,2.0,0,0,0,0,0,0,0,0,0,0,0,0
2.0,66.5,895000.0,1.0,1.0,1.0,1.0,5.0,1.0,1.0,3.0,0,0,0,0,0,1,1,1,0,0,0,1
1.0,65.125,312000.0,1.0,1.0,1.0,3.0,3.0,1.0,1.0,2.0,0,0,0,0,0,1,0,0,0,0,0,0
1.0,63.75,345000.0,1.0,1.0,1.0,4.5,7.0,1.0,1.0,1.0,0,0,0,0,0,1,0,0,0,0,0,0
1.0,62.375,600000.0,1.0,1.0,1.0,6.0,7.0,1.0,1.0,2.0,0,0,0,0,0,1,0,0,1,1,0,0
1.0,61.0,855000.0,1.0,1.0,1.0,5.333333333333333,6.8,1.0,1.0,2.0,0,0,0,0,0,1,0,1,0,0,0,1
3.0,122.0,842000.0,1.0,1.0,2.0,4.666666666666667,6.6,1.0,1.0,5.0,0,0,0,0,0,0,0,0,0,0,0,0
1.0,55.0,925000.0,1.0,1.0,1.0,4.0,6.4,1.0,1.0,2.0,0,0,0,0,0,1,1,1,0,0,1,1
10.0,1600.0,39000000.0,1.0,1.0,1.0,3.3333333333333335,6.2,1.0,1.0,15.0,0,0,0,0,0,0,1,0,0,0,0,0
1.0,42.0,495000.0,1.0,1.3333333333333333,1.0,2.666666666666667,6.0,1.0,1.0,2.0,0,0,0,0,0,1,0,0,1,0,1,0
2.0,62.0,661500.0,1.0,1.6666666666666665,1.0,2.0,6.0,1.0,1.0,3.0,0,0,0,0,0,1,0,0,0,0,0,1
4.0,170.0,2100000.0,1.0,2.0,3.0,3.0,6.0,1.0,1.0,6.0,0,0,1,0,0,1,0,1,1,0,0,1
1.0,48.0,701000.0,1.0,1.0,1.0,4.0,9.0,1.0,1.0,2.0,0,0,1,0,0,1,0,1,0,0,0,1
3.0,148.0,2030000.0,1.0,1.0,2.0,3.0,5.5,1.0,1.0,5.0,0,0,0,0,0,1,0,1,1,0,1,1
2.0,85.0,915000.0,1.0,2.0,1.0,2.0,2.0,1.0,1.0,5.0,0,0,0,0,0,1,0,1,0,0,0,0
2.0,22.0,315000.0,2.0,2.0,1.0,1.0,9.0,1.0,1.0,2.0,0,0,0,0,0,1,0,0,0,0,0,1
3.0,108.0,1000000.0,1.6666666666666667,2.0,1.0,3.0,7.0,1.0,1.0,5.0,0,0,0,0,0,1,0,1,0,0,0,1
2.0,175.0,2480000.0,1.3333333333333335,2.0,1.0,2.0,6.8,1.0,1.0,5.0,0,0,0,0,0,1,1,0,0,0,0,0
1.0,58.0,1100000.0,1.0,1.5,1.0,2.6666666666666665,6.6,1.0,1.0,2.0,0,0,0,0,0,0,0,0,0,0,0,1
1.5,32.0,325000.0,1.0,1.0,1.0,3.333333333333333,6.4,1.0,1.0,1.0,0,0,0,0,0,1,0,1,0,0,0,0
2.0,100.0,1470000.0,1.0,1.0,1.0,4.0,6.2,1.0,1.0,4.0,0,0,0,0,0,1,1,0,0,0,0,0
2.0,7.0,112000.0,1.0,1.0,1.0,6.0,6.0,1.0,1.0,1.0,0,0,0,0,0,0,0,0,0,0,0,0
2.0,40.0,570000.0,1.0,1.0,1.0,4.0,7.0,1.0,1.0,1.0,0,0,0,0,0,1,0,1,0,1,0,0
2.0,74.0,740000.0,1.0,1.0,1.0,4.0,6.75,1.0,1.0,3.0,0,0,0,0,0,1,0,1,0,0,1,1
2.0,92.0,1099000.0,1.0,1.0,1.0,4.0,6.5,1.0,1.0,4.0,0,0,1,0,0,1,1,1,0,0,1,1
2.0,77.0,1180000.0,1.0,1.0,1.0,4.0,6.25,1.0,1.0,4.0,0,0,0,0,0,1,0,1,0,0,1,0
2.0,72.0,780000.0,1.0,1.0,1.0,5.0,6.0,1.0,1.0,4.0,0,0,1,0,0,1,0,1,0,0,1,0
2.0,75.0,1395000.0,1.0,1.0,1.0,2.0,8.666666666666666,1.0,1.0,3.0,0,0,0,0,0,1,0,0,0,0,0,0
3.0,153.0,2130000.0,1.0,1.0,2.0,3.0,11.333333333333332,1.0,1.0,5.0,0,0,0,0,0,1,0,1,0,0,1,0
2.0,94.0,969000.0,1.0,1.0,2.0,2.0,14.0,1.0,1.0,4.0,0,0,0,0,0,1,0,1,0,1,1,1
1.0,53.0,577500.0,1.0,1.0,2.0,2.0,6.0,1.0,1.0,2.0,0,0,0,0,0,1,0,1,0,0,1,1
2.0,101.0,1235000.0,1.0,1.0,2.0,4.0,9.0,1.5,1.0,3.0,0,0,0,0,0,1,0,1,0,1,1,1
3.0,117.0,1751000.0,2.0,1.0,2.0,6.0,8.333333333333334,2.0,1.0,5.0,0,0,0,0,0,1,0,1,0,1,0,0
2.0,90.0,1270000.0,1.5,1.0,1.0,4.0,7.666666666666667,1.6666666666666667,1.0,4.0,0,0,0,0,0,1,0,1,0,0,0,0
1.0,41.0,616000.0,1.0,1.0,1.0,7.0,7.0,1.3333333333333335,1.0,2.0,0,0,1,0,0,1,0,1,0,0,0,1
1.0,53.0,577500.0,1.0,1.0,2.0,2.0,6.0,1.0,1.0,2.0,0,0,0,0,0,1,0,1,0,0,1,1
2.0,62.0,735000.0,1.0,1.0,1.0,1.0,6.0,1.0,1.0,3.0,0,0,0,0,0,1,0,1,0,0,0,0
2.0,61.0,820000.0,1.0,1.0,1.0,1.0,6.0,1.0,1.0,3.0,0,0,0,0,0,1,0,0,0,0,1,1
2.0,105.0,1430000.0,1.0,1.0,1.0,5.0,6.0,1.0,1.0,4.0,0,0,0,0,0,1,0,1,1,0,0,1
1.0,31.0,389000.0,1.0,1.0,1.0,2.0,6.5,1.0,1.0,2.0,0,0,0,0,0,0,0,1,1,0,1,1
4.0,140.0,2300000.0,1.0,1.0,2.0,1.0,7.0,1.0,1.0,6.0,0,0,1,0,0,1,0,1,0,1,0,1
3.0,22.0,309750.0,1.0,1.6666666666666665,1.0,1.0,7.5,1.0,1.0,1.0,0,0,0,0,0,1,0,0,0,0,0,0
2.0,84.0,1070000.0,2.0,2.333333333333333,2.0,2.0,8.0,1.0,1.0,3.0,0,0,0,1,0,1,0,1,0,0,0,0
5.0,231.0,3500000.0,1.0,3.0,3.0,2.0,8.5,1.0,1.0,7.0,0,0,0,0,0,0,0,1,0,0,1,0
4.0,185.0,2995000.0,1.0,2.0,2.0,2.0,9.0,1.0,1.0,6.0,0,0,0,0,0,1,0,1,0,1,0,1
3.0,148.0,1720000.0,1.0,3.0,2.0,3.0,7.0,1.0,1.0,6.0,0,0,1,0,0,1,0,1,0,0,1,0
1.0,42.0,485000.0,1.0,1.0,1.0,4.0,5.0,1.0,1.0,2.0,0,0,0,0,0,0,0,0,1,0,0,0
1.0,24.0,270000.0,1.0,1.5,1.0,6.0,6.0,1.0,1.0,2.0,0,0,0,0,0,0,0,0,0,0,1,1
4.0,170.0,1895000.0,1.0,2.0,2.0,3.0,6.166666666666667,1.0,1.0,6.0,0,0,0,0,0,1,0,1,0,1,0,0
2.0,88.0,1115000.0,1.0,1.6666666666666667,1.0,1.0,6.333333333333333,1.0,1.0,4.0,0,0,0,0,0,1,0,1,0,0,1,0
1.5,17.0,222000.0,1.0,1.3333333333333335,1.0,1.0,6.5,1.0,1.0,1.0,0,0,0,0,0,0,0,0,0,0,0,0
1.0,69.0,867000.0,1.0,1.0,1.0,3.0,6.666666666666667,1.0,1.0,3.0,0,0,0,0,0,1,0,1,0,0,1,1
1.0,36.0,450000.0,1.0,1.0,1.0,2.0,6.833333333333333,1.0,1.0,2.0,0,0,0,0,0,1,0,1,0,0,0,0
7.0,306.0,3790000.0,1.0,1.0,2.0,6.0,7.0,1.0,1.0,10.0,0,0,0,0,0,1,0,1,0,0,1,0
1.0,40.0,590000.0,1.0,1.0,1.0,4.0,6.0,1.0,1.0,2.0,0,0,0,0,0,0,0,0,1,0,0,0
3.0,176.0,2195000.0,1.0,2.0,2.0,2.0,6.0,1.0,1.0,5.0,0,0,0,0,0,1,0,1,0,0,1,0
1.0,36.0,490000.0,1.0,1.5,1.0,6.0,6.0,1.0,1.0,2.0,0,0,0,0,0,0,0,0,0,0,0,0
3.0,103.0,1030000.0,1.0,1.0,1.0,3.0,6.5,1.0,1.0,5.0,0,0,0,0,0,1,0,1,0,0,0,1
2.0,9.0,129000.0,1.0,1.0,1.0,3.0,7.0,1.0,1.0,1.0,0,0,0,0,0,0,0,0,0,0,0,1
1.0,36.0,547000.0,1.0,1.0,1.0,3.0,6.0,1.0,1.0,2.0,0,0,0,0,0,1,0,0,0,0,0,0
2.0,73.0,829500.0,1.0,1.0,1.0,3.0,5.0,1.0,1.0,3.0,0,0,1,0,0,1,0,0,0,0,0,1
3.0,121.0,2100000.0,1.0,2.0,3.0,5.0,6.0,1.0,1.0,5.0,0,0,0,0,0,1,0,1,1,0,1,1
3.0,157.0,2350000.0,1.5,2.0,3.5,10.0,6.5,1.0,1.0,4.0,0,0,0,0,0,1,0,0,0,1,0,1
3.0,226.0,2970000.0,2.0,2.0,4.0,6.0,7.0,1.0,1.0,5.0,0,0,1,0,0,1,0,1,0,0,0,1
2.0,87.0,980000.0,1.0,1.5,1.0,4.0,9.0,1.0,1.0,3.0,0,0,0,0,0,1,0,0,0,0,1,1
1.5,32.0,360000.0,1.0,1.0,1.0,1.0,7.5,1.0,1.0,1.0,0,0,0,0,0,1,0,0,0,0,1,1
1.0,63.0,790000.0,1.0,1.5,1.5,2.0,6.0,1.0,1.0,2.0,0,0,0,0,0,1,0,1,0,0,0,1
4.0,266.0,2300000.0,1.0,2.0,2.0,2.5,6.666666666666667,1.0,1.0,6.0,0,0,0,0,0,1,0,0,0,0,1,1
1.0,43.0,535600.0,1.0,1.5,1.0,3.0,7.333333333333333,1.0,1.0,2.0,0,0,0,0,0,1,0,1,0,1,1,1
2.0,85.0,976000.0,1.0,1.0,1.0,6.0,8.0,1.0,1.0,4.0,0,0,0,0,0,1,0,1,0,0,1,1
6.0,225.0,2780000.0,1.0,2.0,3.0,2.0,7.5,1.0,1.0,9.0,0,0,0,0,0,0,0,0,0,0,0,1
4.0,156.0,2205000.0,1.5,2.0,3.0,3.0,7.0,1.0,1.0,6.0,0,0,0,0,0,1,0,0,1,0,0,1
2.0,96.0,1150000.0,2.0,2.0,3.0,3.0,14.0,1.0,1.0,4.0,0,0,0,0,0,1,1,0,0,0,0,1
5.0,288.0,3400000.0,1.0,2.0,3.0,3.0,11.5,1.1538461538461537,1.0,7.0,0,0,0,0,0,1,0,1,0,0,0,0
4.0,169.0,1965000.0,1.0,1.0,2.0,5.0,9.0,1.3076923076923077,1.0,5.0,0,0,0,0,0,1,0,1,0,0,0,1
3.0,140.0,1660000.0,2.0,1.0,1.0,1.0,6.0,1.4615384615384617,1.0,5.0,0,0,0,0,0,1,0,1,1,0,1,1
1.0,44.0,510000.0,1.0,1.0,1.0,3.0,5.0,1.6153846153846154,1.0,2.0,0,0,0,0,0,0,0,0,1,0,1,1
1.0,34.0,538000.0,1.3333333333333333,1.0,1.0,2.0,5.0,1.7692307692307692,1.0,2.0,0,0,0,0,0,0,1,0,0,0,0,0
1.0,57.0,560000.0,1.6666666666666665,1.5,3.0,2.0,9.0,1.9230769230769231,1.0,2.0,0,0,0,0,0,1,0,1,0,1,0,0
5.0,349.0,4500000.0,2.0,2.0,5.0,6.0,8.0,2.076923076923077,1.0,8.0,0,0,0,0,0,1,0,1,1,1,1,1
5.0,349.0,4500000.0,2.0,2.0,5.0,6.0,8.0,2.230769230769231,1.0,8.0,0,0,0,0,0,1,0,1,1,1,1,1
4.0,169.0,1965000.0,1.0,1.0,2.0,5.0,9.0,2.3846153846153846,1.0,5.0,0,0,0,0,0,1,0,1,0,0,0,1
1.0,28.0,385000.0,1.0,1.25,1.0,4.25,5.0,2.5384615384615383,1.0,2.0,0,0,0,0,0,0,1,0,0,0,0,1
1.0,58.0,550000.0,1.0,1.5,1.0,3.5,5.0,2.6923076923076925,1.0,2.0,0,0,0,0,0,1,0,1,0,0,0,1
1.0,41.0,425000.0,1.0,1.75,1.0,2.75,6.0,2.8461538461538463,1.0,2.0,0,0,0,0,0,0,0,1,0,0,0,1
4.0,249.0,6000000.0,1.0,2.0,4.0,2.0,5.666666666666667,3.0,1.0,7.0,0,0,0,0,0,1,0,1,0,1,1,0
1.0,86.0,950000.0,2.0,1.5,2.0,3.5,5.333333333333333,2.857142857142857,1.0,3.0,0,0,0,0,0,0,0,0,0,0,1,0
1.0,44.0,455000.0,1.6666666666666667,1.0,1.5,5.0,5.0,2.7142857142857144,1.0,2.0,0,0,0,0,0,0,0,0,1,0,0,0
1.0,86.0,1150000.0,1.3333333333333335,1.0,1.0,2.0,8.0,2.5714285714285716,1.0,3.0,0,0,0,0,0,0,0,0,0,0,0,0
2.0,92.0,1150000.0,1.0,1.0,1.0,1.0,6.0,2.428571428571429,1.0,3.0,0,0,1,0,0,1,0,1,0,0,1,1
1.0,34.0,510000.0,1.0,1.0,1.0,3.0,1.0,2.2857142857142856,1.0,2.0,0,0,0,0,0,0,0,0,0,0,0,0
1.0,36.0,442000.0,1.0,1.0,1.0,5.0,6.0,2.142857142857143,1.0,2.0,0,0,0,0,0,1,0,1,1,0,0,0
1.5,18.0,282000.0,1.0,1.0,1.0,1.0,8.0,2.0,1.0,1.0,0,0,0,0,0,0,0,0,0,0,0,0
2.0,85.0,1150000.0,1.0,1.0,1.0,2.0,8.0,1.8571428571428572,1.0,2.0,0,0,0,0,0,1,0,1,0,0,0,1
1.0,72.0,795000.0,1.0,1.0,1.5,3.0,7.0,1.7142857142857144,1.0,3.0,0,0,0,0,0,1,0,1,0,0,0,0
2.0,68.0,720000.0,1.0,1.0,2.0,7.0,7.0,1.5714285714285716,1.0,4.0,0,0,0,0,0,1,0,0,0,0,1,1
2.0,45.0,575000.0,1.0,1.0,1.0,5.5,6.5,1.4285714285714286,1.0,3.0,0,0,0,0,0,0,0,0,0,0,0,0
3.0,144.0,1895000.0,2.0,1.0,3.0,4.0,6.0,1.2857142857142858,1.0,5.0,0,0,1,0,0,1,0,1,0,0,1,1
1.0,55.0,649000.0,1.0,1.5,1.0,1.0,6.0,1.142857142857143,1.0,3.0,0,0,0,0,0,1,1,0,0,0,1,0
5.0,200.0,2350000.0,1.0,2.0,3.0,1.0,6.0,1.0,1.0,7.0,0,0,0,0,0,1,1,1,1,0,1,0
3.0,45.0,950000.0,1.25,1.5,2.0,7.0,3.5,1.0,1.0,2.0,0,0,0,0,0,1,0,0,0,1,0,0
1.0,44.0,485000.0,1.5,1.0,1.0,7.0,1.0,1.0,1.0,2.0,0,0,0,0,0,0,0,0,0,0,1,1
1.0,90.0,1350000.0,1.75,1.0,2.0,7.0,7.0,1.0,1.0,3.0,0,0,0,0,0,1,0,1,0,0,0,1
4.0,147.0,2100000.0,2.0,1.0,3.0,4.0,6.0,1.0,1.0,6.0,0,0,0,0,0,1,0,1,1,0,1,1
2.0,63.0,805000.0,1.5,1.0,1.0,1.0,7.0,1.0,1.0,3.0,0,0,0,0,0,1,1,1,0,0,0,1
1.0,36.0,422400.0,1.0,1.0,1.0,1.5,6.0,1.0,1.0,2.0,0,0,0,0,0,0,0,1,0,0,0,1
1.0,50.0,695000.0,1.0,1.0,1.0,2.0,7.0,1.0588235294117647,1.0,3.0,0,0,1,0,0,1,0,1,0,1,0,0
2.0,96.0,1295000.0,1.0,1.0,1.0,5.0,6.0,1.1176470588235294,1.0,4.0,0,0,0,1,0,1,0,1,0,1,0,1
2.5,10.0,165000.0,1.0,1.0,1.0,6.0,6.0,1.1764705882352942,1.0,1.0,0,0,0,0,0,1,0,1,0,0,0,0
3.0,77.0,796000.0,1.0,1.0,1.0,4.0,7.5,1.2352941176470589,1.0,4.0,0,0,0,0,0,1,0,1,0,0,0,1
2.0,32.0,329000.0,1.0,1.0,1.0,6.0,9.0,1.2941176470588236,1.0,1.0,0,0,0,0,0,1,0,0,0,0,0,1
1.0,45.0,465000.0,1.0,1.75,1.0,1.0,7.0,1.3529411764705883,1.0,2.0,0,0,0,0,0,1,0,1,0,0,0,1
1.0,47.0,525000.0,1.0,2.5,1.0,6.0,8.0,1.4117647058823528,1.0,2.0,0,0,0,0,0,1,0,1,0,0,1,1
3.0,191.0,1365000.0,1.0,3.25,2.5,5.5,7.0,1.4705882352941178,1.0,4.0,0,0,0,0,0,0,0,0,0,0,0,0
5.0,349.0,4900000.0,1.0,4.0,4.0,5.0,6.0,1.5294117647058822,1.0,8.0,0,0,0,0,0,1,0,1,0,1,1,1
1.0,65.0,799000.0,1.0,1.0,1.0,4.0,9.0,1.5882352941176472,1.0,2.0,0,0,0,0,0,1,0,0,0,0,0,1
6.0,470.0,5750000.0,1.0,6.0,1.5,2.0,7.0,1.6470588235294117,1.0,8.0,0,0,0,0,0,1,1,0,0,0,1,0
2.0,210.0,3550000.0,1.0,1.0,2.0,1.0,5.0,1.7058823529411764,1.0,5.0,0,0,0,0,0,1,0,1,1,0,1,1
2.0,67.0,1090000.0,1.0,1.0,2.0,1.0,6.0,1.7647058823529411,1.0,3.0,0,0,0,0,0,1,0,1,0,0,1,1
4.0,253.0,3500000.0,2.0,1.0,2.0,1.0,6.0,1.8235294117647058,1.0,7.0,0,0,0,0,0,1,0,1,0,0,1,0
4.0,144.0,1890000.0,1.6666666666666667,1.0,1.5,1.0,6.0,1.8823529411764706,1.0,6.0,0,0,0,0,0,1,0,1,0,0,1,1
1.0,65.0,799000.0,1.3333333333333335,1.0,1.0,4.0,9.0,1.9411764705882353,1.0,2.0,0,0,0,0,0,1,0,0,0,0,0,1
8.0,439.0,4500000.0,1.0,6.0,5.0,6.0,6.0,2.0,1.0,10.0,0,0,0,0,0,1,1,0,0,0,1,1
4.0,238.0,5950000.0,1.0,3.0,3.0,2.0,8.0,2.0,1.0,7.0,0,0,0,0,0,1,0,0,1,0,1,1
4.0,455.0,7400000.0,1.0,3.0,3.0,5.0,6.0,1.8571428571428572,1.0,8.0,0,0,1,0,0,1,0,0,0,1,0,1
1.0,58.0,795000.0,1.0,1.0,1.0,4.0,6.0,1.7142857142857144,1.0,2.0,0,0,0,0,0,0,0,1,0,0,0,0
2.0,67.0,1090000.0,1.0,1.0,2.0,2.5,6.0,1.5714285714285714,1.0,3.0,0,0,0,0,0,1,0,1,0,0,1,1
4.0,253.0,3500000.0,2.0,1.0,2.0,1.0,7.0,1.4285714285714286,1.0,7.0,0,0,0,0,0,1,0,1,0,0,1,0
2.5,15.0,265000.0,1.0,1.0,1.0,8.0,8.0,1.2857142857142858,1.0,1.0,0,0,0,1,0,1,1,0,0,0,0,1
1.0,54.0,549000.0,1.0,1.0,1.0,6.0,8.0,1.1428571428571428,1.0,2.0,0,0,0,0,0,1,0,1,0,0,0,1
3.0,85.0,885000.0,1.0,1.0,1.0,4.0,6.0,1.0,1.0,4.0,0,0,0,0,0,1,0,1,0,0,1,0
1.0,61.0,649000.0,1.0,1.0,1.0,1.0,9.0,1.0,1.0,2.0,0,0,0,0,0,1,0,1,0,0,0,0
1.0,41.0,590000.0,1.0,1.0,1.0,4.0,6.0,1.0,1.0,2.0,0,0,0,0,0,0,0,0,1,0,0,0
1.0,9.0,150000.0,1.0,1.0,1.0,7.0,4.5,1.0,1.0,1.0,0,0,0,0,0,1,0,0,0,0,0,1
1.0,63.0,883000.0,1.0,1.5,1.5,1.0,3.0,1.0,1.0,2.0,0,0,0,0,0,0,0,1,0,0,0,0
3.0,233.0,3570000.0,1.0,2.0,2.0,7.0,7.0,1.0,1.0,4.0,0,0,1,1,0,1,1,1,0,0,0,0
4.0,177.0,1930000.0,3.0,1.0,4.0,5.0,6.0,1.0,1.0,6.0,0,0,0,0,0,0,0,1,0,0,1,0
4.0,312.0,4085000.0,3.0,1.0,4.0,3.0,7.0,1.0,1.0,7.0,0,0,0,0,0,1,1,1,0,0,1,1
4.0,155.0,1920000.0,2.0,2.0,2.0,1.0,6.0,1.0,1.0,6.0,0,0,0,0,0,1,0,1,0,0,0,1
4.5,32.0,540000.0,1.0,1.8,1.0,6.0,5.0,1.0,1.0,1.0,0,0,0,0,0,1,0,1,1,0,0,1
5.0,27.0,380000.0,1.0,1.6,1.0,2.0,4.0,1.0,1.0,1.0,0,0,0,0,0,0,0,0,1,0,1,0
5.5,12.0,168000.0,1.0,1.4,1.0,3.0,8.0,1.0,1.0,1.0,0,0,0,0,0,1,0,0,0,0,0,1
6.0,245.0,4480000.0,1.0,1.2,2.0,4.0,7.0,1.0,1.0,7.0,0,0,0,0,0,1,0,1,0,0,1,1
3.0,196.0,2500000.0,1.0,1.0,3.0,1.0,6.0,1.0,1.0,6.0,0,0,1,0,0,1,1,1,0,0,1,1
1.0,36.0,499000.0,1.0,1.0,2.0,2.0,5.0,1.0,1.0,2.0,0,0,0,0,0,1,0,1,1,0,1,0
1.0,32.0,540000.0,1.0,1.0,1.0,6.0,5.333333333333333,1.0,1.0,1.0,0,0,0,0,0,1,0,1,1,0,0,1
1.0,60.0,610000.0,1.0,1.0,1.0,7.0,5.666666666666667,1.0,1.0,2.0,0,0,0,0,0,1,0,1,0,1,0,1
2.0,68.0,1020000.0,1.0,1.0,1.0,3.0,6.0,1.0,1.0,3.0,0,0,0,0,0,1,0,1,0,0,0,0
2.0,70.0,752600.0,1.0,1.0,1.0,6.0,6.0,1.0,1.0,3.0,0,0,0,1,0,1,0,1,0,0,0,0
1.0,34.0,390000.0,1.0,1.0,1.0,5.0,5.0,1.0,1.0,2.0,0,0,0,1,0,1,0,0,0,0,0,0
1.5,35.0,409000.0,1.0,1.0,1.0,6.0,8.0,1.0,1.0,1.0,0,0,0,0,0,1,0,1,0,0,0,1
2.0,55.0,600000.0,1.0,1.0,1.0,4.0,10.0,1.0,1.0,3.0,0,0,0,0,0,1,0,1,0,1,0,1
5.0,372.0,5720000.0,1.0,3.0,3.0,1.0,9.0,1.0,1.0,7.0,0,0,0,0,0,1,0,1,0,0,1,1
1.0,53.0,650000.0,1.0,1.0,1.0,6.0,8.0,1.0,1.0,2.0,0,0,0,0,0,1,0,1,0,0,1,1
1.0,49.0,775000.0,1.0,1.5,1.0,7.0,7.0,1.0,1.0,2.0,0,0,0,0,0,1,1,0,0,0,1,0
4.0,390.0,4900000.0,1.0,2.0,3.0,2.0,6.0,1.0,1.0,7.0,0,0,0,0,0,1,0,1,0,1,1,1
4.0,144.0,1890000.0,1.0,1.0,2.0,1.0,6.0,1.0,1.0,6.0,0,0,0,0,0,1,0,1,0,0,1,1
3.0,77.0,1005000.0,1.0,1.0,1.0,6.0,7.0,1.0,1.0,4.0,0,0,0,0,0,1,0,1,0,1,0,0
1.0,36.0,499000.0,1.0,1.0,1.0,2.0,5.0,1.0,1.0,2.0,0,0,0,0,0,1,0,1,1,0,1,0
2.0,74.0,1075000.0,1.0,1.0,1.0,4.0,7.0,1.0,1.0,3.0,0,0,0,0,0,1,0,1,0,0,0,1
1.0,58.0,620000.0,1.0,1.0,1.0,2.0,8.0,1.0,1.0,3.0,0,0,0,0,0,1,0,1,0,0,1,1
1.0,33.0,405600.0,1.0,1.0,1.0,4.0,8.0,1.0,1.0,2.0,0,0,0,0,0,1,0,1,0,1,0,1
2.0,80.0,918000.0,1.0,1.0,1.0,3.0,7.0,1.0,1.0,3.0,0,0,0,0,0,1,0,1,1,0,0,1
2.0,67.0,894400.0,1.0,1.0,1.0,3.0,6.833333333333333,1.0,1.0,4.0,0,0,0,0,0,1,0,1,0,0,1,0
2.3333333333333335,24.0,315000.0,1.0,1.3333333333333333,1.0,4.0,6.666666666666667,1.0,1.0,1.0,0,0,0,0,0,0,0,0,0,0,0,1
2.6666666666666665,24.0,315000.0,1.0,1.6666666666666665,1.0,4.0,6.5,1.0,1.0,1.0,0,0,0,0,0,0,0,0,0,0,0,1
3.0,157.0,2205000.0,1.0,2.0,1.0,3.0,6.333333333333333,1.0,1.0,5.0,0,0,0,0,0,1,0,1,0,0,0,0
1.0,52.0,695000.0,1.0,1.8333333333333333,1.0,5.0,6.166666666666667,1.0,1.0,2.0,0,0,0,0,0,1,0,1,0,0,0,0
1.4,18.0,230000.0,1.0,1.6666666666666667,1.0,6.0,6.0,1.0,1.0,1.0,0,0,0,0,0,1,0,0,0,0,0,0
1.8,20.0,355000.0,1.0,1.5,1.0,5.333333333333333,6.0,1.0,1.0,1.0,0,0,0,0,0,0,1,1,1,0,1,1
2.2,16.0,208000.0,1.0,1.3333333333333335,1.0,4.666666666666667,6.0,1.0,1.0,1.0,0,0,0,0,0,0,0,0,0,0,1,0
2.6,24.0,315000.0,1.0,1.1666666666666667,1.0,4.0,6.0,1.0,1.0,1.0,0,0,0,0,0,1,0,0,0,0,0,1
3.0,200.0,2600000.0,1.0,1.0,3.0,3.0,6.0,1.0,1.0,6.0,0,0,1,0,0,1,0,0,1,0,0,1
1.0,46.0,585000.0,1.0,1.0,1.0,3.5,6.0,1.0666666666666667,1.0,2.0,0,0,1,0,0,1,1,1,1,0,1,0
1.0,59.0,441000.0,1.0,1.0,1.0,4.0,4.0,1.1333333333333333,1.0,2.0,0,0,0,0,0,1,0,1,0,1,1,0
2.0,80.0,749500.0,1.0,1.0,1.0,3.5,7.0,1.2,1.0,4.0,0,0,0,0,0,1,0,1,0,0,0,1
2.0,75.0,849000.0,1.0,1.0,1.0,3.0,7.0,1.2666666666666666,1.0,3.0,0,0,0,0,0,1,0,1,0,0,0,0
1.5,27.0,380000.0,1.0,1.0,1.0,2.0,4.0,1.3333333333333333,1.0,1.0,0,0,0,0,0,0,0,0,1,0,1,0
1.0,70.0,649000.0,1.0,1.0,1.0,1.0,9.0,1.4,1.0,2.0,0,0,0,0,0,1,0,1,0,0,1,0
7.0,349.0,4900000.0,1.0,1.0,1.0,5.0,8.5,1.4666666666666668,1.0,8.0,0,0,0,0,0,0,0,0,0,1,0,0
1.0,40.0,618000.0,1.0,1.0,1.0,7.0,8.0,1.5333333333333332,1.0,2.0,0,0,0,0,0,1,1,0,0,0,1,1
2.0,65.0,804000.0,1.0,1.0,1.0,1.0,8.0,1.6,1.0,4.0,0,0,0,0,0,1,0,0,0,0,1,1
1.0,59.0,441000.0,1.0,1.0,1.0,4.0,4.0,1.6666666666666665,1.0,2.0,0,0,0,0,0,1,0,1,0,1,1,0
2.0,66.0,898000.0,1.0,1.0,1.0,7.0,7.0,1.7333333333333334,1.0,3.0,0,0,1,0,0,1,0,1,0,1,0,1
2.0,80.0,749500.0,1.0,1.0,1.0,4.5,7.0,1.8,1.0,4.0,0,0,0,0,0,1,0,1,0,0,0,1
3.0,31.0,424000.0,1.0,1.0,1.0,2.0,9.0,1.8666666666666667,1.0,1.0,0,0,0,0,0,0,0,0,0,0,0,1
4.0,166.0,2045000.0,1.0,2.0,2.0,1.5,6.0,1.9333333333333333,1.0,5.0,0,0,0,0,0,0,0,0,0,0,1,0
2.0,82.0,1751000.0,1.0,1.0,2.0,1.0,6.5,2.0,1.0,3.0,0,0,0,0,0,1,1,1,0,0,1,1
2.0,75.0,849000.0,1.0,1.0,1.0,3.0,7.0,1.75,1.0,3.0,0,0,0,0,0,1,0,1,0,0,0,0
1.0,50.0,615000.0,1.0,1.0,1.0,1.0,6.0,1.5,1.0,2.0,0,0,0,0,0,1,0,0,0,0,0,1
1.0,60.0,950000.0,1.0,1.0,1.0,4.0,11.0,1.25,1.0,3.0,0,0,0,0,0,1,0,1,0,0,0,1
3.0,110.0,997000.0,1.0,1.0,2.0,4.0,6.0,1.0,1.0,4.0,0,0,0,0,0,0,0,1,1,0,0,0
1.0,40.0,485000.0,1.0,1.0,1.0,2.0,4.0,1.0,1.0,2.0,0,0,0,0,0,0,0,1,1,0,0,1
2.0,84.0,1435000.0,1.0,1.0,1.0,8.0,8.0,1.0,1.0,4.0,0,0,0,0,0,1,0,0,0,1,1,0
2.5,39.0,441000.0,1.0,1.0,1.0,5.0,5.0,1.0,1.0,1.0,0,0,0,0,0,0,0,0,0,0,0,0
3.0,110.0,1540000.0,1.0,1.0,1.0,3.0,5.333333333333333,1.0,1.0,4.0,0,0,0,0,0,1,0,1,0,0,1,0
3.0,15.0,210000.0,1.0,1.0,2.5,7.0,5.666666666666667,1.0,1.0,1.0,0,0,0,0,0,0,0,0,0,0,0,1
3.0,252.0,3710000.0,1.0,1.0,4.0,1.0,6.0,1.0,1.0,6.0,0,0,0,0,0,1,0,1,0,0,0,1
1.0,44.0,729000.0,1.1666666666666667,1.0,1.0,5.0,7.5,1.0,1.0,2.0,0,0,0,0,0,1,0,1,0,0,0,0
1.0,55.0,330000.0,1.3333333333333333,1.0,1.0,5.0,9.0,1.0,1.0,2.0,0,0,0,0,0,1,0,1,0,0,0,1
6.0,400.0,6300000.0,1.5,5.0,6.0,3.0,5.0,1.0,1.0,11.0,0,0,0,0,0,1,0,0,0,0,1,1
2.0,122.0,1850000.0,1.6666666666666665,2.0,3.0,3.0,6.0,1.0,1.0,4.0,0,0,0,0,0,1,1,0,1,0,1,1
1.0,50.0,599000.0,1.8333333333333333,1.0,1.0,7.0,7.0,1.0,1.0,2.0,0,0,0,0,0,1,0,1,0,0,0,1
2.0,157.0,2300000.0,2.0,1.0,4.0,10.0,6.5,1.0,1.0,5.0,0,0,1,0,0,1,0,1,0,1,1,1
3.0,130.0,1679000.0,1.0,1.0,2.0,1.0,6.0,1.0,1.0,5.0,0,0,1,0,0,1,0,1,0,0,1,0
3.0,14.0,208000.0,1.0,1.0,1.0,6.0,6.0,1.0,1.0,1.0,0,0,0,0,0,0,0,0,0,0,0,0
3.0,110.0,1540000.0,1.0,1.0,1.0,3.0,6.0,1.0,1.0,4.0,0,0,0,0,0,1,0,1,0,0,1,0
2.5,14.0,194000.0,1.0,1.0,1.0,6.0,6.0,1.0,1.0,1.0,0,0,0,0,0,0,0,0,0,0,0,1
2.0,64.0,690000.0,1.0,1.0,1.0,1.0,6.0,1.0,1.0,4.0,0,0,0,0,0,1,0,1,1,0,1,0
1.0,39.0,235000.0,1.0,1.0,1.0,4.0,8.0,1.0,1.0,2.0,0,0,1,0,0,1,0,1,0,1,0,1
1.0,55.0,330000.0,1.0,1.0,1.0,5.0,9.0,1.0,1.0,2.0,0,0,0,0,0,1,0,1,0,0,0,1
1.0,44.0,729000.0,1.0,1.0,1.0,5.0,8.0,1.0,1.0,2.0,0,0,0,0,0,1,0,1,0,0,0,0
3.0,90.0,890000.0,1.0,1.0,1.0,4.0,7.0,1.0,1.0,4.0,0,0,0,0,0,1,0,1,0,0,0,0
2.0,58.0,749000.0,1.0,1.0,1.0,3.0,6.0,1.0,1.0,3.0,0,0,0,0,0,0,0,1,1,0,0,0
2.25,19.0,252500.0,1.0,1.0,1.0,6.0,6.0,1.0,1.0,1.0,0,0,0,0,0,0,0,0,1,0,0,0
2.5,9.0,126000.0,1.0,1.0,1.0,5.0,5.0,1.0,1.0,1.0,0,0,0,0,0,0,0,0,0,0,0,0
2.75,28.0,349000.0,1.0,1.0,1.0,8.0,5.0,1.0,1.0,1.0,0,0,0,0,0,1,0,0,0,0,0,1
3.0,107.0,1103000.0,1.0,1.0,2.0,1.0,5.0,1.0,1.0,4.0,0,0,0,0,0,1,0,0,0,0,1,1
1.0,35.0,420000.0,1.0,1.0,1.0,6.0,6.0,1.0,1.0,2.0,0,0,0,0,0,0,0,1,0,1,0,1
2.0,101.0,1310000.0,1.0,1.0,1.0,4.0,10.0,1.0,1.0,4.0,0,0,1,0,0,1,0,1,0,1,0,1
2.0,66.0,898000.0,1.0,1.0,1.0,7.0,7.0,1.0,1.0,3.0,0,0,1,0,0,1,0,1,0,1,0,0
2.0,70.0,850000.0,1.0,1.0,1.0,7.0,7.25,1.0,1.0,3.0,0,0,0,0,0,0,0,0,0,0,0,0
2.5,15.0,210000.0,1.0,1.0,1.0,7.0,7.5,1.0,1.0,1.0,0,0,0,0,0,0,0,0,0,0,0,1
3.0,110.0,1540000.0,1.0,1.0,1.0,3.0,7.75,1.0,1.0,4.0,0,0,0,0,0,1,0,1,0,0,1,0
1.0,39.0,235000.0,1.0,1.0,1.0,4.0,8.0,1.0,1.0,2.0,0,0,1,0,0,1,0,1,0,1,0,1
1.0,44.0,651000.0,1.0,1.0,1.0,5.0,7.0,1.0,1.0,2.0,0,0,0,0,0,1,0,1,0,0,0,0
3.0,121.0,1830000.0,1.0,1.0,2.0,4.5,6.0,1.0,1.0,5.0,0,0,0,0,0,1,0,1,0,0,1,1
5.0,270.0,3100000.0,1.0,3.0,3.0,4.0,6.0,1.0,1.0,8.0,0,0,0,0,0,1,0,1,1,0,1,1
4.0,177.0,1930000.0,3.0,1.0,4.0,3.0,6.0,1.0,1.0,6.0,0,0,0,0,0,0,0,1,0,0,1,1
1.0,60.0,1575000.0,1.0,1.0,1.0,2.0,7.5,1.0,1.0,3.0,0,0,0,0,0,1,0,1,0,0,0,1
1.3333333333333333,6.0,60000.0,1.0,1.0,1.0,1.5,9.0,1.0,1.0,1.0,0,0,0,0,0,0,1,0,0,0,0,1
1.6666666666666665,15.0,299000.0,1.0,1.0,1.0,1.0,5.0,1.0,1.0,1.0,0,0,0,0,0,1,0,0,0,0,0,1
2.0,101.0,1310000.0,1.0,1.0,1.0,4.0,10.0,1.0,1.0,4.0,0,0,1,0,0,1,0,1,0,1,0,1
2.0,62.0,830000.0,2.0,1.5,1.0,1.0,9.0,1.0,1.0,4.0,0,0,0,0,0,1,0,0,0,0,0,1
2.0,66.0,898000.0,1.0,2.0,1.0,7.0,7.0,1.0,1.0,3.0,0,0,1,0,0,1,0,1,0,1,0,0
2.0,70.0,850000.0,1.0,2.5,1.0,4.0,6.0,1.0,1.0,3.0,0,0,0,0,0,0,0,0,0,0,0,0
4.0,236.0,2280000.0,3.0,3.0,1.0,1.0,5.0,1.0,1.0,7.0,0,0,0,0,0,1,0,1,0,0,1,1
2.0,47.0,485000.0,2.5,2.3333333333333335,1.0,3.5,5.5,1.0,1.0,3.0,0,0,0,0,0,0,0,1,0,0,0,0
1.5,6.0,60000.0,2.0,1.6666666666666667,1.0,6.0,6.0,1.0,1.0,1.0,0,0,0,0,0,0,0,0,0,0,0,0
1.0,43.0,565000.0,1.5,1.0,1.0,4.0,7.0,1.0,1.0,2.0,0,0,0,0,0,1,0,1,0,0,1,0
4.0,172.0,2900000.0,1.0,1.0,1.0,5.5,7.333333333333333,1.0,1.0,5.0,0,0,0,0,0,1,0,1,0,1,0,0
3.0,10.0,125000.0,1.0,1.0,1.0,7.0,7.666666666666667,1.0,1.0,1.0,0,0,0,0,0,1,0,0,0,0,0,1
2.0,90.0,870000.0,1.0,1.0,1.0,5.0,8.0,1.0,1.0,4.0,0,0,0,0,0,0,0,1,0,0,0,1
1.0,23.0,312000.0,1.0,1.3333333333333333,1.0,3.0,3.0,1.0,1.0,2.0,0,0,0,0,0,1,0,0,1,0,0,0
2.0,60.0,930000.0,1.0,1.6666666666666665,1.0,5.0,6.0,1.0,1.0,3.0,0,0,0,0,0,1,0,0,1,1,0,0
5.0,303.0,3490000.0,1.75,2.0,2.0,3.0,5.0,1.0,1.0,8.0,0,0,0,0,0,0,0,1,0,0,1,1
1.0,54.0,739000.0,2.5,1.0,1.0,1.0,7.0,1.0,1.0,2.0,0,0,0,0,0,1,0,1,0,0,0,0
2.0,76.0,796000.0,3.25,1.0,1.0,4.0,8.0,1.0,1.0,4.0,0,0,0,0,0,1,0,1,0,0,1,1
6.0,305.0,3710000.0,4.0,1.0,1.0,1.0,7.0,1.0,1.0,10.0,0,0,0,0,0,0,0,1,0,0,1,0
1.0,44.0,550000.0,1.0,1.0,1.0,2.0,6.0,1.0,1.0,2.0,0,0,0,0,0,0,0,1,1,0,0,1
1.0,37.0,547000.0,1.6,1.0,1.0,1.0,7.5,1.0,1.0,2.0,0,0,0,0,0,0,0,0,0,0,0,0
1.0,69.0,850000.0,2.2,1.0,1.0,7.0,9.0,1.0,1.0,3.0,0,0,0,0,0,1,0,1,0,0,0,1
5.0,303.0,3490000.0,2.8,2.0,2.0,4.0,5.0,1.0,1.0,8.0,0,0,0,0,0,0,0,1,0,0,1,1
1.0,54.0,739000.0,3.4,1.0,1.0,1.0,7.0,1.0,1.0,2.0,0,0,0,0,0,1,0,1,0,0,0,0
6.0,305.0,3710000.0,4.0,1.0,1.0,1.0,7.0,1.0,1.0,10.0,0,0,0,0,0,0,0,1,0,0,1,0
1.0,48.0,523500.0,2.5,1.0,1.0,4.0,8.0,1.0,1.0,2.0,0,0,0,0,0,1,0,1,0,0,0,1
2.0,66.0,898000.0,1.0,1.0,1.0,7.0,7.0,1.0,1.0,3.0,0,0,1,0,0,1,0,1,0,1,1,1
3.0,113.0,1495000.0,1.0,1.0,1.0,2.0,6.0,1.0,1.0,5.0,0,0,1,0,0,1,0,1,1,0,1,1
1.0,34.0,499000.0,1.0,1.25,1.0,6.0,6.0,1.0,1.0,2.0,0,0,0,0,0,1,0,0,0,0,1,1
1.0,23.0,312000.0,1.0,1.5,1.0,3.0,3.0,1.0,1.0,2.0,0,0,0,0,0,1,0,0,1,0,0,0
2.0,60.0,930000.0,1.0,1.75,1.0,5.0,6.0,1.0,1.0,3.0,0,0,0,0,0,1,0,0,1,1,0,0
5.0,303.0,3490000.0,1.6,2.0,2.0,3.5,5.0,1.0,1.0,8.0,0,0,0,0,0,0,0,1,0,0,1,1
1.0,43.0,550000.0,2.2,1.5,1.5,2.0,6.0,1.0,1.0,2.0,0,0,0,0,0,0,0,0,0,0,0,0
1.0,54.0,739000.0,2.8,1.0,1.0,1.0,7.0,1.0,1.0,2.0,0,0,0,0,0,1,0,1,0,0,0,0
2.0,76.0,796000.0,3.4,1.0,1.0,4.0,8.0,1.0,1.0,4.0,0,0,0,0,0,1,0,1,0,0,1,1
6.0,305.0,3710000.0,4.0,1.0,1.0,1.0,7.0,1.0,1.0,10.0,0,0,0,0,0,0,0,1,0,0,1,0
3.0,88.0,1185000.0,3.0,1.0,1.0,4.0,6.0,1.0,1.0,4.0,0,0,0,0,0,1,0,1,0,0,0,1
1.0,39.0,525000.0,2.0,1.0,1.0,4.0,4.0,1.0,1.0,2.0,0,0,1,0,0,0,0,1,0,1,0,1
1.0,44.0,550000.0,1.0,1.0,1.0,2.0,6.0,1.0,1.0,2.0,0,0,0,0,0,0,0,1,1,0,0,1
1.0,37.0,547000.0,1.2,1.0,1.0,1.0,6.333333333333333,1.0,1.0,2.0,0,0,0,0,0,0,0,0,0,0,0,0
2.0,54.0,685000.0,1.4,1.0,1.0,1.0,6.666666666666667,1.0,1.0,3.0,0,0,0,0,0,0,0,1,0,0,1,0
3.0,154.0,1740000.0,1.6,2.0,3.0,2.0,7.0,1.0,1.0,5.0,0,0,0,0,0,1,0,1,0,0,1,1
1.0,60.0,832000.0,1.8,1.5,3.5,2.5,7.0,1.0,1.0,2.0,0,0,0,0,0,0,0,0,0,0,1,1
3.0,131.0,1890000.0,2.0,1.0,4.0,3.0,8.0,1.0,1.0,5.0,0,0,0,0,0,1,1,1,0,0,1,1
2.3333333333333335,11.0,149000.0,1.0,1.0,3.8,6.0,7.5,1.0,1.0,1.0,0,0,0,0,0,0,0,0,1,0,0,1
1.6666666666666667,7.0,92000.0,1.0,1.0,3.6,7.0,7.0,1.0,1.0,1.0,0,0,0,0,0,1,1,0,0,0,1,1
1.0,117.0,1045000.0,1.0,1.0,3.4,5.5,6.5,1.0,1.0,2.0,0,0,0,0,0,0,0,1,0,0,0,0
1.0,62.0,820000.0,1.0,1.0,3.2,4.0,6.0,1.0,1.0,3.0,0,0,0,0,0,1,0,1,1,0,0,1
2.0,173.0,3000000.0,1.0,1.0,3.0,6.0,6.0,1.0,1.0,6.0,0,0,0,0,0,1,0,0,1,0,0,1
4.0,215.0,2780000.0,1.0,1.0,2.8,1.0,6.0,1.0,1.0,7.0,0,0,0,0,0,0,0,1,1,0,0,0
1.0,44.0,480000.0,1.0,1.0,2.5999999999999996,3.0,4.0,1.0,1.0,2.0,0,0,0,0,0,0,0,0,0,0,0,0
2.0,60.0,735000.0,1.0,1.0,2.4,2.0,6.0,1.0,1.0,4.0,0,0,0,0,0,1,0,1,1,0,0,1
4.0,288.0,2850000.0,1.0,1.0,2.2,1.0,6.0,1.0,1.0,6.0,0,0,0,0,0,1,1,0,0,0,0,0
4.0,285.0,3400000.0,1.0,1.0,2.0,4.0,6.0,1.0,1.0,6.0,0,0,0,0,0,1,1,0,0,1,0,0
4.0,278.0,3544500.0,1.0,1.0,1.7999999999999998,4.0,6.0,1.0,1.0,6.0,0,0,0,0,0,1,1,1,0,0,0,1
1.0,44.0,462000.0,1.0,1.0,1.5999999999999996,5.0,6.0,1.0,1.0,2.0,0,0,0,0,0,0,0,1,0,1,0,1
2.0,70.0,788000.0,1.0,1.0,1.4,3.0,8.0,1.0,1.0,3.0,0,0,0,0,0,1,0,1,0,0,0,1
2.0,60.0,815000.0,1.0,1.0,1.1999999999999997,2.0,7.0,1.0,1.0,3.0,0,0,0,0,0,1,0,1,0,0,0,1
2.5,28.0,398000.0,1.0,1.0,1.0,4.0,6.0,1.0,1.0,1.0,0,0,0,0,0,0,0,1,0,0,0,0
3.0,205.0,3450000.0,1.0,1.0,2.0,2.0,5.0,1.0,1.0,5.0,0,0,0,0,0,1,0,1,0,1,1,1
3.5,11.0,120000.0,1.0,1.0,1.0,1.6666666666666667,7.0,1.0,1.0,1.0,0,0,0,0,0,1,0,0,0,0,0,0
4.0,180.0,2350000.0,1.0,1.0,1.0,1.3333333333333335,9.0,1.0,1.0,5.0,0,0,0,0,0,1,0,1,0,1,0,1
2.5,46.0,722174.0,1.0,1.0,1.0,1.0,7.0,1.0,1.0,1.0,0,0,0,0,0,0,0,0,0,0,0,0
1.0,60.0,610000.0,1.0,1.0,1.0,3.0,5.0,1.0,1.0,2.0,0,0,0,0,0,1,0,1,1,0,1,1
2.0,105.0,595000.0,1.0,1.0,2.0,5.0,8.0,1.0,1.0,4.0,0,0,0,0,0,1,1,0,0,0,1,1
2.0,27.0,329000.0,1.0,1.2857142857142856,1.0,6.0,6.0,1.0,1.0,1.0,0,0,0,0,0,1,0,1,1,0,0,0
2.0,35.0,485000.0,1.0,1.5714285714285714,1.0,2.0,5.0,1.0,1.0,1.0,0,0,0,0,0,1,0,0,1,0,0,0
2.0,59.0,830000.0,1.0,1.8571428571428572,1.0,1.0,5.0,1.0,1.0,3.0,0,0,0,0,0,0,0,0,0,0,0,1
2.0,59.0,830000.0,1.0,2.142857142857143,1.0,1.0,5.0,1.0,1.0,3.0,0,0,0,0,0,0,0,0,0,0,0,1
2.3333333333333335,35.0,485000.0,1.0,2.4285714285714284,1.0,2.0,5.0,1.0,1.0,1.0,0,0,0,0,0,1,0,0,1,0,0,0
2.6666666666666665,9.0,123000.0,1.0,2.7142857142857144,1.0,8.0,8.0,1.0,1.0,1.0,0,0,0,0,0,1,0,0,0,0,0,0
3.0,230.0,3100000.0,1.0,3.0,1.0,4.0,8.75,1.0,1.0,6.0,0,0,0,0,0,1,1,0,0,0,0,0
2.0,78.0,775000.0,1.0,2.3333333333333335,1.0,5.333333333333333,9.5,1.0,1.0,3.0,0,0,0,0,0,1,0,1,0,0,1,0
2.5,11.0,80000.0,1.0,1.6666666666666667,1.0,6.666666666666666,10.25,1.0,1.0,1.0,0,0,0,0,0,1,0,0,0,0,0,0
3.0,130.0,1550000.0,1.0,1.0,3.0,8.0,11.0,1.0,1.0,5.0,0,0,0,0,0,1,0,1,0,1,0,1
2.5,6.0,55000.0,1.0,1.0,2.5,7.0,9.75,1.0,1.0,1.0,0,0,0,0,0,0,0,0,1,0,0,1
2.0,90.0,1145000.0,1.0,1.0,2.0,6.666666666666667,8.5,1.0,1.0,3.0,0,0,0,0,0,1,0,1,0,1,1,1
4.0,300.0,4500000.0,1.0,3.0,3.0,6.333333333333333,7.25,1.0,1.0,6.0,0,0,0,0,0,1,0,1,0,0,1,1
3.25,9.0,110000.0,1.0,2.5,2.5,6.0,6.0,1.0,1.0,1.0,0,0,0,0,0,0,0,0,0,0,0,0
2.5,34.0,450000.0,1.0,2.0,2.0,5.0,6.0,1.0,1.0,1.0,0,0,0,0,0,0,0,0,0,0,0,0
1.75,9.0,110000.0,1.0,1.5,1.5,6.0,6.5,1.0,1.0,1.0,0,0,0,0,0,0,0,0,0,0,0,0
1.0,43.0,740000.0,1.0,1.0,1.0,2.0,7.0,1.0,1.0,2.0,0,0,0,0,0,1,0,1,0,0,1,1
5.0,400.0,3970000.0,1.0,5.0,1.0,2.0,7.333333333333333,1.0,1.0,7.0,0,0,0,0,0,1,1,0,0,0,0,0
4.0,160.0,2210000.0,1.0,4.0,1.0,6.0,7.666666666666667,1.0,1.0,6.0,0,0,0,0,0,1,0,1,0,0,0,0
3.5,24.0,287000.0,1.0,3.0,1.0,5.0,8.0,1.0,1.0,1.0,0,0,0,0,0,0,0,0,0,0,1,1
3.0,160.0,2450000.0,1.0,2.0,1.0,4.0,7.0,1.0,1.0,6.0,0,0,0,0,0,1,1,0,0,0,0,0
1.0,55.0,716000.0,1.0,1.0,1.0,5.0,6.0,1.0,1.0,2.0,0,0,0,0,0,1,0,0,0,0,0,1
3.0,250.0,3750000.0,1.0,2.0,1.0,6.0,7.0,1.0,1.0,6.0,0,0,0,0,0,1,1,0,0,0,0,0
3.5,16.0,270000.0,1.0,3.0,1.0,1.0,8.0,1.0,1.0,1.0,0,0,0,0,0,1,0,0,0,1,0,1
4.0,220.0,2900000.0,1.0,4.0,1.0,3.0,8.0,1.0,1.0,8.0,0,0,1,0,0,1,0,0,0,0,0,1
2.0,95.0,1130000.0,1.0,1.0,1.0,3.5,8.0,1.0,1.0,4.0,0,0,0,0,0,1,1,0,0,0,1,1
2.0,76.0,800000.0,1.0,1.0,1.0,4.0,8.0,1.0,1.0,3.0,0,0,0,0,0,1,0,0,0,0,0,1
3.0,177.0,2730000.0,1.0,1.0,1.0,5.0,6.0,1.0,1.0,5.0,0,0,0,0,0,0,0,0,0,1,0,0
4.0,235.0,2850000.0,1.0,3.0,1.0,5.666666666666667,6.333333333333333,1.0,1.0,5.0,0,0,1,0,0,1,0,1,0,1,1,1
7.0,800.0,25000000.0,1.0,2.3333333333333335,1.0,6.333333333333333,6.666666666666667,1.0,1.0,10.0,0,0,0,0,0,0,0,0,0,0,0,0
5.75,618.25,19147500.0,1.0,1.6666666666666667,1.0,7.0,7.0,1.3333333333333333,1.6666666666666665,8.25,0,0,0,0,0,0,1,0,0,0,1,0
4.5,436.5,13295000.0,1.0,1.0,2.0,5.0,8.0,1.6666666666666665,2.333333333333333,6.5,0,0,0,0,0,1,0,1,0,0,1,1
3.25,254.75,7442500.0,1.0,2.0,3.0,6.0,6.0,2.0,3.0,4.75,0,0,0,0,0,1,0,0,0,0,0,0
2.0,73.0,1590000.0,1.0,1.0,1.0,5.5,9.0,1.0,1.0,3.0,0,0,0,0,0,1,0,1,0,0,1,1
1.5,8.0,99000.0,1.0,1.0,1.0,5.0,5.0,1.0,1.0,1.0,0,0,0,0,0,0,0,0,0,0,0,0
1.0,40.0,630000.0,1.0,1.0,1.0,6.333333333333333,9.0,1.0,1.0,2.0,0,0,0,0,0,1,0,1,0,0,0,1
1.0,15.0,229000.0,1.0,1.0,1.0,7.666666666666666,12.0,1.0,1.0,1.0,0,0,0,0,0,1,0,0,0,0,0,0
1.0,36.0,462000.0,1.0,1.0,1.0,9.0,15.0,1.0,1.0,1.5,0,0,0,0,0,1,0,1,0,0,0,1
1.0,57.0,695000.0,1.0,1.0,1.0,6.5,4.0,1.0,1.0,2.0,0,0,0,0,0,1,0,1,0,0,0,1
4.0,316.0,8060000.0,1.5,3.0,3.0,4.0,6.0,1.0,1.0,7.0,0,0,1,0,0,1,0,1,0,0,0,1
2.0,93.0,935000.0,2.0,2.0,2.0,1.0,14.0,1.0,1.0,4.0,0,0,0,0,0,1,0,1,0,0,1,0
4.0,440.0,7000000.0,1.5,1.0,3.0,3.0,10.5,1.0,1.0,20.0,0,0,0,0,0,1,0,0,0,0,0,0
4.0,290.0,4680000.0,1.0,3.0,4.0,5.0,7.0,1.0,1.0,7.0,0,0,0,0,0,1,0,0,0,0,0,1
2.0,69.0,818000.0,1.0,1.0,1.0,2.0,8.5,1.0,1.0,3.0,0,0,0,0,0,1,0,1,0,0,1,1
2.0,70.0,880000.0,1.0,1.0,1.0,5.0,10.0,1.0,1.0,4.0,0,0,0,0,0,1,0,1,0,0,1,0
2.0,97.0,1236000.0,1.0,1.0,1.0,4.0,8.5,1.0,1.0,3.0,0,0,0,0,0,1,0,1,0,1,0,1
1.0,64.0,780000.0,1.0,1.0,1.0,2.0,7.0,1.0,1.0,2.0,0,0,0,0,0,1,0,1,0,0,1,0
2.0,118.0,2340000.0,1.0,1.0,2.0,8.0,7.75,1.0,1.0,4.0,0,0,0,0,0,1,0,1,0,0,0,0
2.0,69.0,818000.0,1.0,1.0,1.0,2.0,8.5,1.0,1.0,3.0,0,0,0,0,0,1,0,1,0,0,1,1
5.0,434.0,12950000.0,1.0,4.0,1.0,4.0,9.25,1.0,1.0,11.0,0,0,0,0,0,1,0,1,0,0,0,1
2.0,70.0,880000.0,1.0,1.0,1.0,5.0,10.0,1.0,1.0,4.0,0,0,0,0,0,1,0,1,0,0,1,0
4.0,164.0,1850000.0,1.0,1.0,2.0,4.5,8.0,1.0,1.0,6.0,0,0,0,0,0,1,0,0,0,0,1,1
1.0,87.0,1190000.0,1.0,1.0,1.5,4.0,8.5,1.0,1.0,3.0,0,0,1,0,0,1,0,1,0,1,0,1
3.0,86.0,999740.0,1.0,1.0,1.0,6.0,9.0,1.0,1.0,4.0,0,0,0,0,0,1,0,1,0,1,0,0
1.0,52.0,625000.0,1.0,1.0,1.0,4.0,6.0,1.0,1.0,2.0,0,0,1,0,0,1,0,1,0,0,0,1
1.0,58.0,760000.0,1.0,1.0,1.0,3.0,5.0,1.0,1.0,2.0,0,0,1,0,0,1,0,0,0,0,0,1
2.0,72.0,780000.0,1.0,1.0,1.0,5.0,6.0,1.0,1.0,3.0,0,0,0,0,0,1,0,1,0,0,1,0
1.0,15.0,228800.0,1.0,1.0,1.0,1.0,7.0,1.0,1.0,2.0,0,0,0,0,0,0,0,0,0,0,0,0
2.0,29.0,350000.0,1.0,1.0,1.0,2.0,8.0,1.0,1.0,1.0,0,0,0,0,0,0,0,0,0,1,0,1
3.0,100.0,1150000.0,1.0,1.0,1.0,7.0,9.0,1.0,1.0,4.0,0,0,1,0,0,1,0,0,0,1,1,1
2.0,79.0,885000.0,1.0,1.0,1.0,2.0,6.0,1.0,1.0,4.0,0,0,0,0,0,1,0,1,0,0,1,0
3.0,112.0,1395000.0,1.0,1.0,2.0,7.0,11.0,1.0,1.0,5.0,0,0,0,0,0,1,0,1,0,1,0,0
2.5,13.0,175000.0,1.0,1.0,1.5,6.0,10.0,1.0,1.0,1.0,0,0,0,0,0,0,0,0,0,0,0,1
2.0,69.0,818000.0,1.0,1.0,1.0,2.0,9.0,1.0,1.0,3.0,0,0,0,0,0,1,0,1,0,0,1,1
1.5,32.0,310000.0,1.0,1.0,1.0,2.0,8.0,1.0,1.0,1.0,0,0,0,0,0,0,0,0,0,0,0,0
1.0,64.0,780000.0,1.0,1.0,1.0,2.0,7.0,1.0,1.0,2.0,0,0,0,0,0,1,0,1,0,0,1,0
1.5,10.0,115000.0,1.0,1.0,1.0,7.0,7.0,1.0,1.0,1.0,0,0,0,0,0,0,0,0,0,0,0,0
2.0,72.0,780000.0,1.0,1.0,1.0,5.0,6.0,1.0,1.0,3.0,0,0,0,0,0,1,0,1,0,0,1,0
1.0,15.0,228800.0,1.0,1.25,1.0,1.0,7.0,1.0,1.0,2.0,0,0,0,0,0,0,0,0,0,0,0,0
2.0,29.0,350000.0,1.0,1.5,1.0,2.0,8.0,1.0,1.0,1.0,0,0,0,0,0,0,0,0,0,1,0,1
3.0,100.0,1150000.0,1.0,1.75,1.0,7.0,9.0,1.0,1.0,4.0,0,0,1,0,0,1,0,0,0,1,1,1
3.0,271.0,3120000.0,1.0,2.0,2.0,5.0,5.0,1.0,1.0,5.0,0,0,0,0,0,1,0,1,0,0,0,1
2.0,163.0,1900000.0,1.0,1.5,1.0,3.0,6.0,1.0,1.0,3.5,0,0,0,0,0,0,0,0,0,0,0,0
1.0,55.0,680000.0,1.0,1.0,1.0,6.0,7.0,1.0,1.0,2.0,0,0,0,0,0,1,0,0,0,1,0,0
1.0,72.0,1650000.0,1.0,1.0,1.25,2.0,2.0,1.0,1.0,2.0,0,0,0,0,0,0,0,0,0,1,0,0
3.0,240.0,4375000.0,1.0,1.0,1.5,3.0,3.0,1.0,1.0,6.0,0,0,1,0,0,0,0,1,0,0,0,1
6.0,355.0,8000000.0,1.0,1.0,1.75,4.0,4.0,1.0,1.0,7.0,0,0,0,0,0,1,0,1,0,1,0,1
2.0,100.0,880000.0,1.0,1.0,2.0,7.0,10.0,1.0,1.0,4.0,0,0,0,0,0,1,0,1,0,1,1,1
3.0,200.0,2600000.0,1.0,1.0,3.0,3.0,6.0,1.25,1.0,6.0,0,0,0,0,0,1,0,0,0,0,0,1
2.0,79.0,906800.0,2.0,1.5,2.0,8.0,6.0,1.5,1.0,4.0,0,0,0,0,0,1,0,1,0,0,0,0
2.0,77.0,1190000.0,1.6666666666666667,2.0,2.0,5.0,6.0,1.75,1.0,4.0,0,0,1,0,0,1,1,0,1,1,1,0
2.0,122.0,1650000.0,1.3333333333333335,1.0,1.0,5.0,8.0,2.0,1.0,4.0,0,0,0,0,0,1,0,1,0,0,0,1
3.0,105.0,1390000.0,1.0,1.0,2.0,3.0,10.0,2.0,1.0,4.0,0,0,0,0,0,1,1,1,0,0,1,1
1.0,230.0,6300000.0,1.0,1.0,2.3333333333333335,3.0,3.0,2.0,1.0,5.0,0,0,0,0,1,1,0,0,1,0,1,0
5.0,333.0,3000000.0,1.0,3.0,2.6666666666666665,2.5,4.333333333333333,2.0,1.0,10.0,0,0,0,0,0,0,0,1,0,0,1,0
4.0,185.0,2995000.0,2.0,2.0,3.0,2.0,5.666666666666666,2.0,1.0,6.0,0,0,0,0,0,0,0,1,0,0,1,1
4.0,232.0,2980000.0,2.0,2.0,2.5,5.0,7.0,2.0,1.0,6.0,0,0,0,0,0,1,0,1,0,0,1,0
3.0,123.0,1800000.0,2.0,2.0,2.0,6.0,7.0,2.0,1.0,5.0,0,0,0,0,0,1,0,1,0,0,0,1
4.0,190.0,2590000.0,2.0,3.0,1.0,3.0,6.0,2.0,1.0,6.0,0,0,0,0,0,1,0,0,0,0,1,0
4.0,186.0,2220000.0,2.0,1.0,3.0,1.0,7.0,2.0,1.0,7.0,0,0,0,0,0,1,0,1,0,0,1,1
4.0,203.0,2590000.0,2.0,1.0,2.0,1.0,6.0,2.0,1.0,7.0,0,0,0,0,0,1,0,1,0,0,0,1
3.0,104.0,1508000.0,1.0,1.0,1.0,1.0,7.0,2.0,1.0,5.0,0,0,0,0,0,1,0,1,0,0,0,1
2.0,100.0,1150000.0,1.0,1.0,1.5,7.0,10.0,2.0,1.0,4.0,0,0,0,0,0,1,0,1,0,0,1,1
2.0,118.0,2340000.0,1.0,1.0,2.0,8.0,9.0,2.0,1.0,4.0,0,0,0,0,1,0,0,1,0,0,0,0
3.0,201.0,2500000.0,1.0,3.0,1.0,3.0,6.0,2.0,1.0,6.0,0,0,0,0,0,1,0,1,0,0,0,1
4.0,428.0,5300000.0,1.0,2.0,3.0,3.0,6.0,2.0,1.0,8.0,0,0,0,0,1,1,0,0,0,0,0,1
3.0,199.0,2750000.0,1.0,2.5,3.0,4.0,6.5,2.0,1.0,6.0,0,0,0,0,1,0,0,0,0,0,0,0
4.0,265.0,3397000.0,1.0,3.0,3.0,4.0,7.0,2.0,1.0,7.0,0,0,0,0,0,1,0,1,0,0,0,1
3.0,165.0,2050000.0,1.0,1.0,2.3333333333333335,4.0,8.0,2.0,1.0,5.0,0,0,0,0,1,1,0,1,0,0,0,1
3.0,128.0,1990000.0,1.0,1.0,1.6666666666666667,6.0,8.0,2.0,1.0,5.0,0,0,0,0,1,1,0,1,0,0,0,0
1.0,56.0,880000.0,1.0,1.0,1.0,3.0,10.0,2.0,1.0,2.0,0,0,0,0,0,1,0,0,0,0,0,1
4.0,179.0,2250000.0,1.0,1.0,1.0,6.0,7.0,2.0,1.0,7.0,0,0,0,0,0,1,0,1,1,0,1,1
3.5,166.5,2325000.0,1.0,2.0,1.0,5.0,6.5,2.0,1.0,5.5,0,0,0,0,0,0,0,0,0,0,0,0
3.0,154.0,2400000.0,1.0,3.0,1.0,4.0,6.0,2.0,1.0,4.0,0,0,0,0,1,0,0,0,0,0,0,1
3.0,90.0,1300000.0,1.0,1.0,1.0,2.0,6.0,2.0,1.0,4.0,0,0,0,0,0,1,0,1,0,0,1,0
4.0,185.0,2995000.0,1.0,3.0,1.0,2.0,6.0,2.0,1.0,6.0,0,0,0,0,0,1,0,1,0,0,0,0
3.0,223.0,3570000.0,1.0,2.0,2.0,6.0,2.0,2.0,1.0,4.0,0,0,0,0,1,1,0,1,0,0,1,1
3.0,106.0,1490000.0,1.0,1.0,2.0,5.0,8.0,2.0,1.0,5.0,0,0,0,0,0,1,0,1,0,0,0,1
3.0,112.0,1386000.0,1.0,1.0,2.0,2.0,8.0,2.0,1.0,5.0,0,0,0,0,0,1,0,1,0,0,0,1
4.0,184.0,2984000.0,2.0,1.0,2.0,2.0,9.0,2.0,1.0,6.0,0,0,0,0,0,1,0,1,0,0,0,1
1.0,58.0,950000.0,1.0,1.0,1.0,4.0,11.0,2.0,1.0,2.0,0,0,0,0,1,1,0,0,0,0,0,1
3.0,165.0,2600000.0,3.0,1.0,3.0,5.0,6.0,2.0,1.0,5.0,0,0,0,0,0,1,0,1,1,0,1,1
2.0,85.0,1030000.0,2.6666666666666665,1.0,1.0,3.0,6.0,2.0,1.0,3.0,0,0,0,0,0,1,0,1,1,0,1,1
1.0,65.0,1000000.0,2.3333333333333335,1.0,1.0,3.5,6.0,2.0,1.0,2.0,0,0,0,0,0,1,0,1,0,0,1,1
2.0,76.0,1180000.0,2.0,1.0,1.0,4.0,6.0,2.0,1.0,4.0,0,0,0,0,0,1,0,1,1,0,1,1
5.0,274.0,3900000.0,1.6666666666666667,5.0,5.0,4.0,6.0,2.0,1.0,8.0,0,0,0,0,1,1,0,1,0,0,1,1
5.0,340.0,5270000.0,1.3333333333333335,4.0,1.0,2.0,6.0,2.0,1.0,7.0,0,0,0,0,1,1,0,0,0,0,0,1
3.0,197.0,3495000.0,1.0,1.0,2.0,2.0,6.0,2.0,1.0,5.0,0,0,0,0,0,1,0,1,1,0,1,1
3.0,189.0,3400000.0,1.0,2.0,3.0,4.0,7.0,2.0,1.0,5.0,0,0,0,0,0,1,0,1,0,0,0,1
3.0,385.0,5775000.0,2.0,2.0,3.0,5.0,6.0,2.0,1.0,11.0,0,0,0,0,1,1,0,0,0,0,1,1
4.0,282.0,3350000.0,2.0,2.0,4.0,1.0,6.0,2.0,1.0,8.0,0,0,0,0,0,1,0,1,0,0,1,1
2.0,170.0,2600000.0,2.2,2.0,3.0,1.0,6.0,2.0,1.0,4.0,0,0,0,0,1,0,0,0,0,0,0,0
4.0,144.0,1790000.0,2.4,2.0,2.0,1.0,8.0,2.0,1.0,6.0,0,0,0,0,0,1,0,1,0,0,1,1
3.0,128.0,1990000.0,2.6,2.0,3.0,7.0,7.0,2.0,1.0,5.0,0,0,0,0,1,1,0,0,0,0,0,0
1.0,80.0,1080000.0,2.8,1.0,1.0,5.0,7.0,2.0,1.0,3.0,0,0,0,0,1,1,0,0,0,0,1,1
3.0,163.0,2145000.0,3.0,1.5,3.0,2.0,6.0,2.0,1.0,5.0,0,0,0,0,1,1,0,1,0,0,1,1
3.0,298.0,4500000.0,2.0,2.0,2.0,3.0,5.0,2.0,1.0,5.0,0,0,0,0,1,1,0,1,0,0,0,1
4.0,195.0,3095000.0,1.0,1.0,2.0,6.0,6.0,2.0,1.0,6.0,0,0,0,0,1,1,0,1,1,0,1,1
4.0,217.0,2850000.0,4.0,1.0,4.0,5.0,7.0,2.0,1.0,7.0,0,0,0,0,0,1,0,1,0,0,1,1
2.0,83.0,935000.0,3.0,1.0,1.0,4.0,8.0,2.0,1.0,3.0,0,0,0,0,1,1,0,0,0,0,0,1
1.0,80.0,1080000.0,2.0,1.0,1.0,5.0,7.0,2.0,1.0,3.0,0,0,0,0,1,1,0,0,0,0,1,1
4.0,186.0,2220000.0,1.0,2.0,3.0,1.0,6.0,2.0,1.0,7.0,0,0,0,0,0,1,0,1,0,0,1,1
2.0,75.0,1650000.0,1.0,1.0,1.0,4.0,4.0,2.0,1.0,3.0,0,0,0,0,1,1,0,1,0,0,1,0
5.0,209.0,2350000.0,1.0,3.0,2.0,6.0,5.5,2.0,1.0,7.0,0,0,0,0,1,1,0,1,0,0,0,0
3.0,197.0,3100000.0,1.0,2.0,3.0,6.0,7.0,2.0,1.0,5.0,0,0,0,0,0,1,0,1,0,0,0,1
4.0,240.0,3095000.0,1.0,2.0,2.0,1.0,6.0,2.0,1.0,7.0,0,0,0,0,1,1,0,1,0,0,1,1
2.0,218.25,2050000.0,1.0,2.0,1.0,6.0,6.0,2.0,1.0,4.0,0,0,0,0,1,1,0,0,0,0,1,0
3.0,196.5,1995000.0,1.0,2.0,1.0,1.0,6.0,2.0,1.0,4.0,0,0,0,0,0,1,0,0,0,0,1,1
4.0,174.75,6360000.0,1.0,1.5,1.5,1.0,5.0,2.0,1.0,8.0,0,0,0,0,0,1,0,0,0,0,1,0
3.0,153.0,2200000.0,1.0,1.0,2.0,3.0,6.0,2.0,1.0,4.0,0,0,0,0,0,1,0,0,0,0,0,1
4.0,222.25,8890000.0,1.0,3.0,1.0,6.0,7.0,2.0,1.0,7.0,0,0,0,0,1,1,0,0,0,0,1,0
4.0,291.5,9426666.666666666,1.6666666666666665,2.3333333333333335,1.0,4.75,5.0,2.0,1.0,7.0,0,0,0,0,0,0,0,0,0,0,0,0
4.0,360.75,9963333.333333334,2.333333333333333,1.6666666666666667,1.0,3.5,3.0,2.0,1.0,7.0,0,0,0,0,0,0,0,0,0,0,0,0
4.0,430.0,10500000.0,3.0,1.0,1.0,2.25,1.0,2.0,1.0,7.0,0,0,0,0,1,0,0,0,0,0,0,0
1.0,70.0,960000.0,2.6666666666666665,1.0,2.0,1.0,8.0,2.0,1.0,3.0,0,0,0,0,0,1,0,1,0,0,1,1
4.0,195.0,2460000.0,2.3333333333333335,2.0,2.0,4.0,7.0,2.0,1.0,6.0,0,0,0,0,1,1,0,1,1,0,1,1
3.0,76.0,1149000.0,2.0,2.0,2.0,2.0,6.0,2.0,1.0,4.0,0,0,0,0,1,0,0,1,1,0,1,0
3.0,103.0,1624500.0,1.6666666666666667,2.0,2.0,4.0,6.0,2.0,1.0,4.5,0,0,0,0,0,0,0,0,0,0,0,0
3.0,130.0,2100000.0,1.3333333333333335,2.0,2.0,6.0,6.0,2.0,1.0,5.0,0,0,0,0,1,1,0,0,0,0,1,1
2.0,90.0,1110000.0,1.0,1.0,2.0,4.0,8.0,2.0,1.0,4.0,0,0,0,0,0,1,0,1,0,0,0,1
4.0,93.5,2992500.0,1.0,4.0,1.0,5.0,6.0,2.0,1.0,7.0,0,0,0,0,0,1,0,0,1,0,1,0
3.0,97.0,1420000.0,1.0,1.0,1.0,3.0,6.0,2.0,1.0,5.0,0,0,0,0,0,1,0,1,0,0,0,0
5.0,317.0,8060000.0,1.0,1.0,1.0,4.0,6.0,2.0,1.0,7.0,0,0,0,0,1,1,0,0,0,0,0,0
3.0,162.0,2592000.0,1.0,2.0,1.0,1.0,6.0,2.0,1.0,5.0,0,0,0,0,1,1,0,1,0,0,0,1
4.0,320.0,3133500.0,1.0,2.0,3.0,3.0,6.0,2.0,1.0,7.0,0,0,0,0,1,1,0,1,0,0,1,1
4.0,329.0,3675000.0,1.0,1.0,3.0,2.0,5.0,2.0,1.0,11.0,0,0,0,0,0,0,0,1,0,0,0,0
4.0,264.0,3690000.0,1.0,3.0,3.0,1.0,6.0,2.0,1.0,7.0,0,0,0,0,0,1,0,1,0,0,1,1
4.0,160.0,1840000.0,1.0,1.0,2.0,5.0,6.0,2.0,1.0,6.0,0,0,0,0,0,1,0,1,0,0,1,1
3.0,132.0,1716000.0,1.0,1.0,3.0,4.0,6.0,2.0,1.0,5.0,0,0,0,0,0,1,0,0,0,0,0,1
3.0,150.0,2360000.0,1.0,2.0,3.0,4.0,7.0,2.0,1.0,5.0,0,0,0,0,1,1,0,1,0,0,1,1
3.0,113.0,1465000.0,2.0,2.0,2.0,2.0,9.0,2.0,1.0,5.0,0,0,0,0,0,1,0,1,0,0,0,1
3.0,124.0,1800000.0,1.0,1.0,2.0,8.0,9.0,2.0,1.0,5.0,0,0,0,0,0,0,0,0,0,0,0,1
3.5,172.0,2110000.0,1.0,1.5,2.0,4.5,8.25,2.0,1.0,5.0,0,0,0,0,0,0,0,0,0,0,0,0
4.0,220.0,2420000.0,1.0,2.0,2.0,1.0,7.5,2.0,1.0,5.0,0,0,0,0,0,1,0,1,0,0,0,1
3.0,190.0,1365000.0,1.0,2.0,2.0,2.0,6.75,2.0,1.0,4.0,0,0,0,0,1,0,0,0,0,0,1,0
4.0,230.0,2750000.0,1.0,2.0,2.0,3.0,6.0,2.0,1.0,7.0,0,0,0,0,0,1,0,1,1,0,1,1
2.0,97.0,1298000.0,1.0,1.0,1.0,3.0,7.25,2.0,1.0,4.0,0,0,0,0,0,1,0,1,0,0,1,0
4.0,202.0,2835000.0,3.0,1.0,2.0,3.0,8.5,2.0,1.0,6.0,0,0,0,0,0,1,0,1,0,0,1,0
3.5,163.0,2172500.0,2.8,1.5,2.75,3.0,9.75,2.0,1.0,5.0,0,0,0,0,0,0,0,0,0,0,0,0
3.0,124.0,1510000.0,2.6,2.0,3.5,3.0,11.0,2.0,1.0,4.0,0,0,0,0,0,1,0,1,0,0,1,1
2.0,110.0,1300000.0,2.4,1.0,4.25,4.5,6.0,2.0,1.0,4.0,0,0,0,0,0,0,0,1,0,0,0,0
4.0,215.0,3720000.0,2.2,3.0,5.0,6.0,7.0,2.0,1.0,7.0,0,0,0,0,1,1,0,0,1,0,1,1
4.0,180.0,2350000.0,2.0,3.0,3.0,9.0,6.666666666666667,2.0,1.0,5.0,0,0,0,0,1,1,0,0,0,0,0,1
4.0,208.0,3400000.0,1.7999999999999998,2.0,3.0,3.0,6.333333333333333,2.0,1.0,6.0,0,0,0,0,1,1,0,0,0,0,1,1
4.0,221.0,2860000.0,1.5999999999999999,3.0,3.0,3.0,6.0,2.0,1.0,6.0,0,0,0,0,1,1,0,0,0,0,1,1
1.0,63.0,1550000.0,1.4,1.0,1.0,7.0,8.0,2.0,1.0,2.0,0,0,0,0,0,1,0,1,0,0,1,0
2.0,89.0,1130000.0,1.2,1.0,1.0,2.0,4.0,2.0,1.0,4.0,0,0,0,0,0,1,0,1,0,0,0,0
1.0,60.0,1035000.0,1.0,1.0,1.0,4.0,6.5,2.0,1.0,2.0,0,0,0,0,0,1,0,1,0,0,0,1
2.0,90.0,1248000.0,1.0,1.0,1.0,6.0,9.0,2.0,1.0,4.0,0,0,0,0,0,1,0,0,0,0,1,0
4.0,143.0,2150000.0,1.0,1.0,1.0,5.5,6.0,2.0,1.0,5.0,0,0,0,0,0,1,0,1,1,0,1,1
2.0,105.0,1430000.0,1.0,1.0,1.0,5.0,7.0,2.0,1.0,4.0,0,0,0,0,1,1,0,1,0,0,0,1
1.0,42.0,660000.0,1.0,1.0,1.0,6.0,7.0,2.0,1.0,2.0,0,0,0,0,1,1,0,1,0,0,0,1
4.0,175.0,2650000.0,1.0,3.0,3.0,4.0,6.0,2.0,1.0,6.0,0,0,0,0,0,1,0,1,0,0,1,1
2.0,111.0,1800000.0,1.0,1.0,1.0,1.0,8.0,2.0,1.0,4.0,0,0,0,0,0,1,0,1,0,0,0,1
4.0,377.0,5650000.0,1.2,4.0,1.0,2.0,6.0,2.0,1.0,9.0,0,0,0,0,1,1,0,0,0,0,0,1
1.0,42.0,670000.0,1.4,1.0,1.0,4.0,7.0,2.0,1.0,2.0,0,0,0,0,0,1,0,0,0,0,0,1
2.0,76.0,1078333.3333333333,1.6,1.0,1.6666666666666665,4.0,6.666666666666667,2.0,1.0,3.0,0,0,0,0,0,0,0,0,0,0,0,0
3.0,110.0,1486666.6666666665,1.8,1.0,2.333333333333333,4.0,6.333333333333333,2.0,1.0,4.0,0,0,0,0,0,0,0,0,0,0,0,0
4.0,144.0,1895000.0,2.0,1.0,3.0,4.0,6.0,2.0,1.0,5.0,0,0,0,0,0,1,0,1,0,0,0,1
4.0,151.66666666666666,2195000.0,2.0,1.3333333333333333,2.6666666666666665,3.3333333333333335,4.666666666666667,2.0,1.0,5.0,0,0,0,0,0,0,0,0,0,0,0,0
4.0,159.33333333333334,2495000.0,2.0,1.6666666666666665,2.3333333333333335,2.666666666666667,3.3333333333333335,2.0,1.0,5.0,0,0,0,0,0,0,0,0,0,0,0,0
4.0,167.0,2795000.0,2.0,2.0,2.0,2.0,2.0,2.0,1.0,5.0,0,0,0,0,1,0,0,1,0,0,0,0
3.0,149.0,2333333.3333333335,2.0,1.0,2.0,2.0,5.0,2.0,1.0,5.0,0,0,0,0,0,1,0,1,0,0,0,0
2.5,127.5,1871666.6666666665,1.5,1.0,1.5,1.5,5.5,2.0,1.0,4.5,0,0,0,0,0,0,0,0,0,0,0,0
2.0,106.0,1410000.0,1.0,1.0,1.0,1.0,6.0,2.0,1.0,4.0,0,0,0,0,1,1,0,1,0,0,0,1
3.0,148.0,1790000.0,1.0,1.0,1.0,5.0,8.0,2.0,1.0,5.0,0,0,0,0,0,0,0,0,0,0,0,1
2.5,122.0,1657500.0,1.0,1.0,1.5,3.0,7.0,2.0,1.0,4.5,0,0,0,0,0,0,0,0,0,0,0,0
2.0,96.0,1525000.0,1.0,1.0,2.0,1.0,6.0,2.0,1.0,4.0,0,0,0,0,1,1,0,1,0,0,1,1
2.0,152.25,2981250.0,1.0,1.25,2.5,1.5,5.8,2.0,1.0,5.0,0,0,0,0,0,0,0,0,0,0,0,0
2.0,208.5,4437500.0,1.0,1.5,3.0,2.0,5.6,2.0,1.0,6.0,0,0,0,0,0,0,0,0,0,0,0,0
2.0,264.75,5893750.0,1.0,1.75,3.5,2.5,5.4,2.0,1.0,7.0,0,0,0,0,0,0,0,0,0,0,0,0
2.0,321.0,7350000.0,1.0,2.0,4.0,3.0,5.2,2.0,1.0,8.0,0,0,0,0,1,1,0,1,0,0,0,1
5.0,360.0,4800000.0,2.0,2.0,5.0,3.0,5.0,2.0,1.0,7.0,0,0,0,0,0,1,0,1,1,0,0,1
3.0,240.0,5250000.0,1.5,1.5,4.0,3.0,5.0,2.0,1.0,6.0,0,0,0,0,1,1,0,1,0,0,1,0
3.0,260.0,6250000.0,1.0,1.0,3.0,3.0,5.0,2.0,1.0,5.0,0,0,0,0,1,1,0,0,0,0,1,1
5.0,274.0,4200000.0,3.0,2.0,2.0,4.0,6.0,2.0,1.0,7.0,0,0,0,0,1,0,0,1,0,0,1,0
4.666666666666667,288.3333333333333,5601333.333333333,2.8,2.0,1.6666666666666667,4.0,6.0,2.0,1.0,7.333333333333333,0,0,0,0,0,0,0,0,0,0,0,0
4.333333333333333,302.6666666666667,7002666.666666666,2.6,2.0,1.3333333333333335,4.0,6.0,2.0,1.0,7.666666666666667,0,0,0,0,0,0,0,0,0,0,0,0
4.0,317.0,8404000.0,2.4,2.0,1.0,4.0,6.0,2.0,1.0,8.0,0,0,0,0,0,0,0,0,0,0,0,0
4.0,252.0,3710000.0,2.2,2.0,1.0,1.0,6.0,2.0,1.0,6.0,0,0,0,0,0,1,0,1,0,0,0,1
3.0,135.0,1895000.0,2.0,2.0,1.0,6.0,6.0,2.0,1.0,5.0,0,0,0,0,1,1,0,0,0,0,0,0
4.0,124.0,1695000.0,1.0,1.0,1.0,2.0,5.0,2.0,1.0,6.0,0,0,0,0,1,1,0,1,0,0,0,1
5.0,255.0,3710000.0,1.0,1.0,1.0,1.0,6.0,2.0,1.0,6.0,0,0,0,0,1,1,0,1,0,0,0,1
5.0,260.0,3100000.0,1.0,3.0,2.0,3.0,6.0,2.0,1.0,8.0,0,0,0,0,1,1,0,1,1,0,1,1
4.0,223.0,3290000.0,1.0,2.0,3.0,2.0,7.0,2.0,1.0,6.0,0,0,0,0,0,1,0,1,0,0,0,1
1.0,161.0,2130000.0,1.0,1.5,3.0,2.0,7.0,2.0,1.0,6.0,0,0,0,0,1,1,0,1,0,0,1,1
3.0,146.0,2125000.0,1.0,1.0,3.0,2.0,7.0,2.0,1.0,5.0,0,0,0,0,0,1,0,1,0,0,0,1
3.0,200.0,2300000.0,1.0,2.0,3.0,2.0,7.0,2.0,1.0,6.0,0,0,0,0,0,1,0,0,1,0,1,1
3.0,240.0,5250000.0,1.0,1.5,2.6666666666666665,3.0,6.0,2.0,1.0,6.0,0,0,0,0,1,1,0,1,0,0,1,0
3.0,260.0,6250000.0,1.0,1.0,2.3333333333333335,3.0,5.0,2.0,1.0,5.0,0,0,0,0,1,1,0,0,0,0,1,1
5.0,274.0,4200000.0,3.0,2.0,2.0,4.0,6.0,2.0,1.0,7.0,0,0,0,0,1,0,0,1,0,0,1,0
4.0,236.66666666666666,4000000.0,2.6,1.6666666666666667,2.0,3.3333333333333335,6.0,2.0,1.0,6.0,0,0,0,0,0,0,0,0,0,0,0,0
3.0,199.33333333333331,3800000.0,2.2,1.3333333333333335,2.0,2.666666666666667,6.0,2.0,1.0,5.0,0,0,0,0,0,0,0,0,0,0,0,0
2.0,162.0,3600000.0,1.7999999999999998,1.0,2.0,2.0,6.0,2.0,1.0,4.0,0,0,0,0,0,0,0,1,0,0,1,0
4.0,305.0,3750000.0,1.4,4.0,2.0,1.0,5.0,2.0,1.0,7.0,0,0,0,0,1,1,0,1,1,0,1,1
3.0,128.0,1390000.0,1.0,1.0,2.0,1.0,7.0,2.0,1.0,5.0,0,0,0,0,0,1,0,1,0,0,0,1
2.6666666666666665,113.0,1343333.3333333333,1.1428571428571428,1.0,2.0,1.0,6.333333333333333,2.0,1.0,4.666666666666667,0,0,0,0,0,0,0,0,0,0,0,0
2.3333333333333335,98.0,1296666.6666666667,1.2857142857142856,1.0,2.0,1.0,5.666666666666667,2.0,1.0,4.333333333333333,0,0,0,0,0,0,0,0,0,0,0,0
2.0,83.0,1250000.0,1.4285714285714286,1.0,2.0,1.0,5.0,2.0,1.0,4.0,0,0,0,0,0,0,0,1,0,0,1,0
3.0,126.5,2075000.0,1.5714285714285714,2.0,1.5,1.5,6.5,2.0,1.0,5.0,0,0,0,0,0,0,0,0,0,0,0,0
4.0,170.0,2900000.0,1.7142857142857142,3.0,1.0,2.0,8.0,2.0,1.0,6.0,0,0,0,0,0,1,0,1,0,0,0,0
4.0,20.0,355000.0,1.8571428571428572,2.0,1.5,2.5,7.0,2.0,1.0,6.0,0,0,0,0,0,0,0,1,1,0,0,0
4.0,142.0,1590000.0,2.0,1.0,2.0,3.0,6.0,2.0,1.0,6.0,0,0,0,0,1,1,0,1,0,0,0,0
3.0,146.0,1995000.0,1.5,1.0,1.6666666666666667,3.5,5.5,2.0,1.0,5.0,0,0,0,0,0,0,0,0,0,0,0,0
2.0,150.0,2400000.0,1.0,1.0,1.3333333333333335,4.0,5.0,2.0,1.0,4.0,0,0,0,0,1,1,0,1,0,0,0,1
2.0,141.0,2390000.0,1.0,1.0,1.0,1.0,3.0,2.0,1.0,4.0,0,0,0,0,0,0,0,0,0,0,0,0
2.0,121.0,1650000.0,1.0,1.0,2.0,6.0,6.0,2.0,1.0,4.0,0,0,0,0,1,1,0,1,0,0,1,1
2.5,123.0,1875000.0,1.0,1.5,2.5,5.5,5.5,2.0,1.0,5.0,0,0,0,0,0,0,0,0,0,0,0,0
3.0,125.0,2100000.0,1.0,2.0,3.0,5.0,5.0,2.0,1.0,6.0,0,0,0,0,1,0,0,0,0,0,1,1
1.0,239.0,3750000.0,1.0,1.5,2.0,4.5,7.0,2.0,1.0,8.0,0,0,0,0,1,1,0,1,0,0,1,1
3.0,97.0,1345000.0,1.0,1.0,1.0,4.0,9.0,2.0,1.0,4.0,0,0,0,0,0,1,0,1,0,0,1,1
3.0,146.0,2790000.0,1.0,1.0,2.0,5.0,8.0,2.0,1.0,5.0,0,0,0,0,1,1,0,0,0,0,0,1
2.0,67.0,910000.0,1.0,1.5,1.0,1.0,6.0,2.0,1.0,3.0,0,0,0,0,0,1,0,1,0,0,0,0
3.0,135.0,1648000.0,1.3333333333333333,2.0,1.3333333333333333,1.0,6.0,2.0,1.0,5.0,0,0,0,0,0,1,0,0,0,0,0,1
3.5,20.0,355000.0,1.6666666666666665,1.5,1.6666666666666665,2.0,6.0,2.0,1.0,5.5,0,0,0,0,0,0,0,1,1,0,0,0
4.0,142.0,1590000.0,2.0,1.0,2.0,3.0,6.0,2.0,1.0,6.0,0,0,0,0,1,1,0,1,0,0,0,0
6.0,386.0,1845000.0,1.75,2.333333333333333,3.333333333333333,4.0,6.0,2.0,1.0,7.0,0,0,0,0,1,1,0,1,0,0,1,1
5.0,150.0,2100000.0,1.5,3.6666666666666665,4.666666666666666,4.333333333333333,3.0,2.0,1.0,6.0,0,0,0,0,0,1,0,0,1,0,0,1
7.0,445.0,7415000.0,1.25,5.0,6.0,4.666666666666667,4.0,2.0,1.0,10.0,0,0,0,0,0,0,0,0,0,0,0,0
3.0,137.0,1890000.0,1.0,3.0,1.0,5.0,6.0,2.0,1.0,5.0,0,0,0,0,0,1,0,1,1,0,0,1
1.0,90.0,1490000.0,1.0,1.0,1.0,1.0,8.0,2.0,1.0,3.0,0,0,0,0,1,1,0,1,0,0,0,1
2.0,237.0,1340000.0,1.0,1.0,1.0,2.0,3.0,2.0,1.0,5.0,0,0,0,0,1,1,0,1,0,0,1,0
2.0,99.0,1190000.0,1.0,1.0,1.0,1.0,3.6666666666666665,2.0,1.0,4.0,0,0,0,0,1,1,0,1,1,0,1,1
1.5,87.0,1251000.0,1.0,1.0,1.0,2.0,4.333333333333333,2.0,1.0,3.0,0,0,0,0,0,0,0,0,0,0,0,0
1.0,75.0,1312000.0,1.0,1.0,1.0,3.0,5.0,2.0,1.0,2.0,0,0,0,0,1,1,0,1,0,0,0,0
6.0,386.0,7245000.0,1.0,1.3333333333333333,1.6666666666666665,4.0,6.0,2.0,1.0,7.0,0,0,0,0,1,1,0,1,0,0,1,1
5.0,150.0,2100000.0,1.0,1.6666666666666665,2.333333333333333,4.25,3.0,2.0,1.0,6.0,0,0,0,0,0,1,0,0,1,0,0,1
4.0,150.0,2100000.0,1.0,2.0,3.0,4.5,6.0,2.0,1.0,6.0,0,0,0,0,0,1,0,1,1,0,0,1
7.0,445.0,7415000.0,1.0,5.0,6.0,4.75,4.0,2.0,1.0,10.0,0,0,0,0,0,0,0,0,0,0,0,0
3.0,137.0,1890000.0,1.0,3.0,1.0,5.0,6.0,2.0,1.0,5.0,0,0,0,0,0,1,0,1,1,0,0,1
2.0,90.0,1099000.0,1.0,1.0,2.0,4.0,8.0,2.0,1.0,4.0,0,0,0,0,0,1,0,1,0,0,0,1
2.0,90.0,1130000.0,1.0,1.0,1.0,1.0,6.0,2.0,1.0,4.0,0,0,0,0,0,1,0,1,1,0,0,1
3.0,150.0,1940000.0,2.0,1.0,2.0,2.0,6.0,2.0,1.0,5.0,0,0,0,0,0,1,0,1,0,0,0,1
3.0,150.0,1790000.0,1.0,1.0,2.0,5.0,8.0,2.0,1.0,5.0,0,0,0,0,0,1,0,1,0,0,1,1
2.0,93.0,940000.0,1.0,1.0,1.0,4.0,9.0,2.0,1.0,4.0,0,0,0,0,0,1,0,1,0,0,1,1
1.0,42.0,785000.0,1.0,1.3333333333333333,1.0,8.0,10.0,2.0,1.0,2.0,0,0,0,0,1,1,0,1,0,0,0,0
4.0,322.0,7280000.0,1.0,1.6666666666666665,1.0,9.0,9.0,2.0,1.0,8.0,0,0,0,0,1,1,0,1,0,0,0,1
3.0,335.0,5950000.0,1.0,2.0,1.0,8.0,6.0,2.0,1.0,9.0,0,0,0,0,1,0,0,0,0,0,0,0
4.0,440.0,7000000.0,1.0,3.5,3.0,7.0,3.0,2.0,1.0,20.0,1,0,0,0,0,1,0,0,0,0,0,0
5.0,348.0,4500000.0,1.0,5.0,5.0,6.0,2.0,2.0,1.0,8.0,0,0,0,0,0,1,0,1,0,0,0,1
5.0,316.0,8340000.0,1.0,3.0,4.0,4.0,6.0,2.0,1.0,9.0,0,0,0,0,1,1,0,1,1,0,1,1
1.0,50.0,832000.0,1.0,1.0,3.0,7.0,7.0,2.0,1.0,2.0,0,0,0,0,1,1,0,0,0,0,0,0
3.0,120.0,1985000.0,1.0,1.0,2.0,4.0,6.0,2.0,1.0,5.0,0,0,0,0,1,1,0,1,1,0,0,1
2.0,200.0,3800000.0,1.0,1.0,2.0,2.0,5.0,2.0,1.0,4.0,0,0,0,0,0,1,0,1,0,0,0,0
5.0,281.0,6500000.0,3.0,1.0,5.0,2.0,5.333333333333333,2.0,1.0,8.0,0,0,0,0,1,1,0,0,0,0,1,1
4.5,229.0,4795000.0,2.0,1.0,4.0,3.5,5.666666666666667,2.0,1.0,7.0,0,0,0,0,0,0,0,0,0,0,0,0
4.0,177.0,3090000.0,1.0,1.0,3.0,5.0,6.0,2.0,1.0,6.0,0,0,0,0,1,1,0,0,1,0,1,1
4.0,322.0,7280000.0,1.0,1.5,3.0,9.0,9.0,2.0,1.0,8.0,0,0,0,0,1,1,0,1,0,0,0,1
3.0,202.0,2610000.0,1.0,2.0,3.0,1.0,8.5,2.0,1.0,6.0,0,0,0,0,1,1,0,1,0,0,0,1
4.0,250.0,4700000.0,1.0,3.0,3.0,4.0,8.0,2.0,1.0,7.0,0,0,0,0,1,1,0,0,0,0,1,1
3.0,163.0,2850000.0,1.0,2.6666666666666665,2.6666666666666665,4.0,6.0,2.0,1.0,5.0,0,0,0,0,0,1,0,1,0,0,0,0
1.0,177.0,2595000.0,1.0,2.3333333333333335,2.3333333333333335,5.0,5.5,2.0,1.0,4.0,0,0,0,0,0,1,0,1,0,0,1,0
5.0,303.0,3490000.0,1.0,2.0,2.0,6.0,5.0,2.0,1.0,8.0,0,0,0,0,0,0,0,1,0,0,1,1
1.0,50.0,832000.0,1.0,1.0,2.5,7.0,7.0,2.0,1.0,2.0,0,0,0,0,1,1,0,0,0,0,0,0
3.0,210.0,2310000.0,1.0,2.0,3.0,1.0,7.5,2.0,1.0,6.0,0,0,0,0,0,1,0,1,0,0,1,1
3.0,218.0,5150000.0,1.0,2.0,4.0,7.0,8.0,2.0,1.0,5.0,0,0,0,0,0,1,0,0,0,0,0,1
5.0,381.0,5950000.0,1.0,5.0,5.0,1.0,4.0,2.0,1.0,8.0,0,0,0,0,1,1,0,0,0,0,1,1
3.0,163.0,2150000.0,1.0,1.0,1.0,2.0,6.0,2.0,1.0,5.0,0,0,0,0,1,1,0,1,1,0,0,0
4.0,232.0,2855000.0,1.0,1.5,1.0,3.0,6.0,2.0,1.0,6.0,0,0,0,0,0,1,0,1,1,0,0,1
3.0,100.0,1195000.0,1.0,2.0,1.0,2.0,5.5,2.0,1.0,4.0,0,0,0,0,0,1,0,1,0,0,0,0
3.0,210.0,3090000.0,1.0,1.0,3.0,1.0,5.0,2.0,1.0,5.0,0,0,0,0,0,1,0,1,1,0,0,1
3.0,112.0,1398500.0,1.0,1.0,1.0,7.0,3.5,2.0,1.0,4.0,0,0,0,0,0,0,0,0,0,0,0,0
5.0,348.0,4500000.0,1.0,5.0,5.0,6.0,2.0,2.0,1.0,8.0,0,0,0,0,0,1,0,1,0,0,0,1
4.0,152.0,1690000.0,1.0,2.0,4.666666666666667,1.0,3.5,2.0,1.0,5.0,0,0,0,0,0,1,0,1,0,0,0,1
5.0,420.0,7300000.0,1.0,1.6666666666666667,4.333333333333333,4.0,5.0,2.0,1.0,7.0,0,0,0,0,1,1,0,1,1,0,0,1
4.0,321.0,5440000.0,1.0,1.3333333333333335,4.0,3.0,4.5,2.0,1.0,6.0,0,0,0,0,0,0,0,0,0,0,0,0
3.0,222.0,3580000.0,1.0,1.0,3.666666666666667,2.0,4.0,2.0,1.0,5.0,0,0,0,0,1,0,0,1,1,0,0,0
3.0,96.0,1690000.0,1.5,1.0,3.3333333333333335,5.0,6.0,2.0,1.0,4.0,0,0,0,0,0,1,0,1,0,0,0,0
3.0,250.0,4200000.0,2.0,1.0,3.0,3.0,7.0,2.0,1.0,6.0,0,0,0,0,1,1,0,0,0,0,1,1
2.0,166.0,2745000.0,1.5,1.0,2.6666666666666665,2.5,7.5,2.0,1.0,4.0,0,0,0,0,0,0,0,0,0,0,0,0
1.0,82.0,1290000.0,1.0,1.0,2.3333333333333335,2.0,8.0,2.0,1.0,2.0,0,0,0,0,1,1,0,0,0,0,0,1
3.0,146.0,2100000.0,1.0,1.0,2.0,5.0,7.0,2.0,1.0,5.0,0,0,0,0,1,1,0,1,0,0,0,1
1.0,73.0,998000.0,1.0,1.0,1.0,4.0,8.0,2.0,1.0,2.0,0,0,0,0,0,1,0,1,0,0,1,1
1.75,114.75,1686000.0,1.0,1.0,1.75,4.0,8.0,2.0,1.0,3.75,0,0,0,0,0,0,0,0,0,0,0,0
2.5,156.5,2374000.0,1.0,1.0,2.5,4.0,8.0,2.0,1.0,5.5,0,0,0,0,0,0,0,0,0,0,0,0
3.25,198.25,3062000.0,1.0,1.0,3.25,4.0,8.0,2.0,1.0,7.25,0,0,0,0,0,0,0,0,0,0,0,0
4.0,240.0,3750000.0,1.0,1.0,4.0,4.0,8.0,2.0,1.0,9.0,0,0,0,0,0,1,0,1,0,0,0,1
5.0,222.0,2898000.0,2.0,1.0,3.0,3.0,4.0,2.0,1.0,7.0,0,0,0,0,0,1,0,1,0,0,0,1
3.0,210.0,2700000.0,1.5,2.0,2.0,5.0,4.25,2.0,1.0,7.0,0,0,0,0,0,1,0,1,0,0,0,1
3.0,140.0,1380000.0,1.0,1.0,2.0,4.0,4.5,2.0,1.0,5.0,0,0,0,0,0,1,0,0,1,0,0,1
3.0,110.0,1575000.0,1.0,1.0,2.0,3.0,4.75,2.0,1.0,5.0,0,0,0,0,0,1,0,0,0,0,1,1
4.0,160.0,2120000.0,1.0,2.0,2.0,1.0,5.0,2.0,1.0,6.0,0,0,0,0,0,1,0,0,1,0,1,0
4.0,175.0,2155000.0,1.0,1.5,2.0,2.5,5.5,2.0,1.0,6.5,0,0,0,0,0,0,0,0,0,0,0,0
4.0,190.0,2190000.0,1.0,1.0,2.0,4.0,6.0,2.0,1.0,7.0,0,0,0,0,0,1,0,1,1,0,1,1
3.0,101.0,1280000.0,1.0,1.0,1.0,5.0,6.0,2.0,1.0,4.0,0,0,0,0,0,1,0,1,1,0,1,1
2.0,74.0,1020000.0,1.3333333333333333,1.0,1.0,3.0,7.0,2.0,1.0,4.0,0,0,0,0,0,1,0,1,0,0,1,1
2.0,82.0,1120000.0,1.6666666666666665,1.0,1.0,3.0,6.0,2.0,1.0,4.0,0,0,0,0,0,1,0,1,1,0,1,1
6.0,293.0,4672500.0,2.0,2.0,1.0,5.0,7.0,2.0,1.0,7.0,0,0,0,0,0,0,0,0,0,0,1,0
3.0,74.0,915000.0,2.0,1.0,1.0,5.0,5.0,2.0,1.0,4.0,0,0,0,0,1,1,0,0,1,0,1,1
6.0,425.0,6825000.0,2.0,3.0,2.0,1.0,6.0,2.0,1.0,9.0,0,0,0,0,0,1,0,1,1,0,0,1
1.0,45.0,686000.0,2.0,3.0,2.0,3.0,6.0,2.0,1.0,2.0,0,0,0,0,0,1,0,1,0,0,1,1
1.0,45.0,686000.0,2.0,3.0,2.0,3.0,6.0,2.0,1.0,2.0,0,0,0,0,0,0,0,0,0,0,0,0
