,sl_prix,sl_style,sl_localisation,sl_cuisine,sl_exposition,sl_vue,sl_ascenseur,sl_neuf,sl_cave,sl_annee,sl_balcon,sl_parquet,sl_gardien,sl_nb_chambre,sl_taille,sl_salle_d_eau,sl_salle_de_bain,sl_toilette,sl_etage,sl_hauteur,sl_parking,sl_terrasse,sl_nb_piece
0,1995000.0,0,0,0,0,0,1,0,1,0,0,0,1,3,217,1,3,1,4,6,2,3,4
1,2950000.0,0,0,0,0,0,1,1,0,0,1,0,0,3,156,1,1,1,2,6,1,2,6
2,595000.0,0,0,1,0,0,1,0,0,0,0,1,1,1,55,1,1,1,4,7,1,1,3
3,370000.0,0,0,0,0,0,1,0,0,0,0,1,0,1,25,1,1,1,4,7,1,1,1
4,455000.0,0,0,0,0,0,0,0,1,1,0,0,0,1,44,1,1,1,5,7,1,1,2
5,2130000.0,0,0,0,0,0,1,0,0,0,1,1,0,3,153,1,1,2,3,7,1,1,5
6,359000.0,0,0,0,0,0,1,1,1,0,0,1,0,1,35,1,1,1,2,7,1,1,2
7,780000.0,0,0,0,0,0,1,0,1,0,0,1,1,1,64,1,1,1,2,6,1,1,2
8,735000.0,0,0,0,0,0,1,0,1,0,0,0,0,1,58,1,1,1,1,5,1,1,2
9,2300000.0,0,0,0,0,0,1,0,1,0,0,0,1,2,152,1,1,1,4,5,1,1,4
10,820000.0,0,0,1,0,0,1,0,0,0,0,1,1,2,61,1,1,1,1,7,1,1,3
11,1100000.0,0,0,0,0,0,1,1,1,0,0,1,0,2,92,1,1,1,7,9,1,1,4
12,792330.0,0,0,1,0,0,1,1,1,0,0,1,1,2,72,1,1,1,1,6,1,1,3
13,1159000.0,0,0,0,0,0,1,0,0,0,0,1,0,4,124,1,1,1,2,7,1,1,6
14,455000.0,0,0,0,0,0,0,0,1,1,0,0,0,1,44,1,1,1,5,7,1,2,2
15,990000.0,0,0,0,0,0,1,0,0,0,0,1,1,4,110,1,2,1,3,7,1,2,5
16,845000.0,0,0,0,0,0,1,0,1,0,0,0,1,2,69,1,1,1,3,9,1,2,3
17,385000.0,0,0,0,0,0,1,0,1,0,0,0,1,1,33,1,1,1,3,9,1,2,1
18,850000.0,0,0,0,0,0,1,1,1,0,0,1,1,1,54,1,1,1,2,7,1,2,2
19,1710000.0,0,0,0,0,0,1,1,1,0,0,1,1,3,101,1,1,2,1,8,1,2,4
20,3620000.0,0,0,0,0,0,1,0,1,0,0,0,1,2,148,1,2,2,9,9,1,3,5
21,880000.0,0,0,0,0,0,1,0,1,0,0,1,1,2,72,1,1,1,5,8,1,3,3
22,570000.0,0,0,0,0,0,1,0,1,0,0,0,1,1,43,1,2,2,4,6,1,3,2
23,4850000.0,0,0,0,0,0,0,1,0,0,0,0,0,4,245,2,3,4,4,7,1,3,10
24,880000.0,0,0,0,0,0,1,0,1,0,0,1,1,2,72,1,1,1,5,8,1,3,3
25,770000.0,0,0,0,0,0,1,0,1,0,0,0,0,2,66,1,1,1,5,5,1,3,3
26,475000.0,0,0,0,0,0,1,1,1,0,0,0,0,1,40,1,1,1,1,7,1,3,2
27,2130000.0,0,0,0,0,0,1,0,1,0,1,1,0,3,153,1,1,2,3,3,1,3,5
28,867000.0,0,0,0,0,0,1,0,1,0,0,1,0,1,69,1,1,1,3,3,1,3,3
29,4850000.0,0,0,0,0,0,0,1,0,0,0,0,0,4,245,2,3,4,6,6,1,3,10
30,3620000.0,0,0,0,0,0,1,0,1,0,0,0,1,2,148,1,2,2,9,9,1,3,5
31,425000.0,0,0,0,0,0,1,0,0,0,0,1,1,2,35,1,1,1,5,7,1,2,1
32,240000.0,0,0,0,0,0,0,0,0,0,0,1,1,2,19,1,1,1,6,5,1,2,1
33,2500000.0,0,0,1,0,0,1,1,1,0,0,1,0,3,196,1,1,3,1,4,1,2,6
34,4850000.0,0,0,0,0,0,0,1,0,0,0,0,0,4,245,2,3,4,2,5,1,2,10
35,1070000.0,0,0,0,0,0,1,0,1,0,0,0,1,1,64,1,1,2,4,7,1,1,2
36,725000.0,0,0,0,0,0,0,0,0,0,0,0,1,1,51,1,1,1,1,2,1,1,2
37,770000.0,0,0,0,0,0,1,1,0,0,0,0,1,1,65,1,1,1,4,4,1,1,2
38,1401000.0,0,0,1,1,0,1,0,0,0,0,1,1,3,119,1,2,2,4,6,1,1,5
39,1295000.0,0,0,1,0,0,1,0,1,0,1,0,1,3,105,1,1,1,4,8,1,1,4
40,830000.0,0,0,0,0,0,1,0,1,0,0,0,0,2,78,1,1,1,6,7,1,1,3
41,984000.0,0,0,0,0,0,1,0,1,0,0,1,1,2,65,1,1,1,5,7,1,1,3
42,2020000.0,0,0,0,0,0,1,0,1,0,0,0,0,3,141,1,2,2,5,7,2,1,6
43,1350000.0,0,0,1,0,0,1,1,1,0,0,1,1,2,100,1,1,1,2,6,1,1,4
44,950000.0,0,0,0,0,0,1,0,1,0,0,1,1,1,78,1,1,1,3,6,1,1,3
45,890000.0,0,0,0,0,0,1,0,1,0,1,1,1,3,89,2,1,2,4,8,1,1,4
46,649000.0,0,0,0,0,0,1,0,1,0,0,0,1,1,61,1,1,1,1,9,1,1,2
47,798000.0,0,0,0,0,0,1,0,1,0,0,0,1,2,72,1,1,1,1,6,1,1,3
48,835000.0,0,0,0,0,0,1,0,0,0,0,1,0,2,70,1,2,1,1,4,1,1,3
49,600000.0,0,0,0,0,0,1,0,0,1,0,0,0,1,69,1,1,1,7,7,1,1,2
50,400000.0,0,0,0,0,0,0,0,0,0,0,0,0,1,67,1,1,1,4,9,1,1,2
51,895000.0,0,0,0,0,0,1,1,1,0,0,0,1,2,66,1,1,1,1,5,1,1,3
52,312000.0,0,0,0,0,0,1,0,0,0,0,0,0,1,65,1,1,1,3,3,1,1,2
53,345000.0,0,0,0,0,0,1,0,0,0,0,0,0,1,63,1,1,1,4,7,1,1,1
54,600000.0,0,0,0,0,0,1,0,0,1,1,0,0,1,62,1,1,1,6,7,1,1,2
55,855000.0,0,0,0,0,0,1,0,1,0,0,0,1,1,61,1,1,1,5,6,1,1,2
56,842000.0,0,0,0,0,0,0,0,0,0,0,0,0,3,122,1,1,2,4,6,1,1,5
57,925000.0,0,0,0,0,0,1,1,1,0,0,1,1,1,55,1,1,1,4,6,1,1,2
58,39000000.0,0,0,0,0,0,0,1,0,0,0,0,0,10,1600,1,1,1,3,6,1,1,15
59,495000.0,0,0,0,0,0,1,0,0,1,0,1,0,1,42,1,1,1,2,6,1,1,2
60,661500.0,0,0,0,0,0,1,0,0,0,0,0,1,2,62,1,1,1,2,6,1,1,3
61,2100000.0,0,0,1,0,0,1,0,1,1,0,0,1,4,170,1,2,3,3,6,1,1,6
62,701000.0,0,0,1,0,0,1,0,1,0,0,0,1,1,48,1,1,1,4,9,1,1,2
63,2030000.0,0,0,0,0,0,1,0,1,1,0,1,1,3,148,1,1,2,3,5,1,1,5
64,915000.0,0,0,0,0,0,1,0,1,0,0,0,0,2,85,1,2,1,2,2,1,1,5
65,315000.0,0,0,0,0,0,1,0,0,0,0,0,1,2,22,2,2,1,1,9,1,1,2
66,1000000.0,0,0,0,0,0,1,0,1,0,0,0,1,3,108,1,2,1,3,7,1,1,5
67,2480000.0,0,0,0,0,0,1,1,0,0,0,0,0,2,175,1,2,1,2,6,1,1,5
68,1100000.0,0,0,0,0,0,0,0,0,0,0,0,1,1,58,1,1,1,2,6,1,1,2
69,325000.0,0,0,0,0,0,1,0,1,0,0,0,0,1,32,1,1,1,3,6,1,1,1
70,1470000.0,0,0,0,0,0,1,1,0,0,0,0,0,2,100,1,1,1,4,6,1,1,4
71,112000.0,0,0,0,0,0,0,0,0,0,0,0,0,2,7,1,1,1,6,6,1,1,1
72,570000.0,0,0,0,0,0,1,0,1,0,1,0,0,2,40,1,1,1,4,7,1,1,1
73,740000.0,0,0,0,0,0,1,0,1,0,0,1,1,2,74,1,1,1,4,6,1,1,3
74,1099000.0,0,0,1,0,0,1,1,1,0,0,1,1,2,92,1,1,1,4,6,1,1,4
75,1180000.0,0,0,0,0,0,1,0,1,0,0,1,0,2,77,1,1,1,4,6,1,1,4
76,780000.0,0,0,1,0,0,1,0,1,0,0,1,0,2,72,1,1,1,5,6,1,1,4
77,1395000.0,0,0,0,0,0,1,0,0,0,0,0,0,2,75,1,1,1,2,8,1,1,3
78,2130000.0,0,0,0,0,0,1,0,1,0,0,1,0,3,153,1,1,2,3,11,1,1,5
79,969000.0,0,0,0,0,0,1,0,1,0,1,1,1,2,94,1,1,2,2,14,1,1,4
80,577500.0,0,0,0,0,0,1,0,1,0,0,1,1,1,53,1,1,2,2,6,1,1,2
81,1235000.0,0,0,0,0,0,1,0,1,0,1,1,1,2,101,1,1,2,4,9,1,1,3
82,1751000.0,0,0,0,0,0,1,0,1,0,1,0,0,3,117,2,1,2,6,8,2,1,5
83,1270000.0,0,0,0,0,0,1,0,1,0,0,0,0,2,90,1,1,1,4,7,1,1,4
84,616000.0,0,0,1,0,0,1,0,1,0,0,0,1,1,41,1,1,1,7,7,1,1,2
85,577500.0,0,0,0,0,0,1,0,1,0,0,1,1,1,53,1,1,2,2,6,1,1,2
86,735000.0,0,0,0,0,0,1,0,1,0,0,0,0,2,62,1,1,1,1,6,1,1,3
87,820000.0,0,0,0,0,0,1,0,0,0,0,1,1,2,61,1,1,1,1,6,1,1,3
88,1430000.0,0,0,0,0,0,1,0,1,1,0,0,1,2,105,1,1,1,5,6,1,1,4
89,389000.0,0,0,0,0,0,0,0,1,1,0,1,1,1,31,1,1,1,2,6,1,1,2
90,2300000.0,0,0,1,0,0,1,0,1,0,1,0,1,4,140,1,1,2,1,7,1,1,6
91,309750.0,0,0,0,0,0,1,0,0,0,0,0,0,3,22,1,1,1,1,7,1,1,1
92,1070000.0,0,0,0,1,0,1,0,1,0,0,0,0,2,84,2,2,2,2,8,1,1,3
93,3500000.0,0,0,0,0,0,0,0,1,0,0,1,0,5,231,1,3,3,2,8,1,1,7
94,2995000.0,0,0,0,0,0,1,0,1,0,1,0,1,4,185,1,2,2,2,9,1,1,6
95,1720000.0,0,0,1,0,0,1,0,1,0,0,1,0,3,148,1,3,2,3,7,1,1,6
96,485000.0,0,0,0,0,0,0,0,0,1,0,0,0,1,42,1,1,1,4,5,1,1,2
97,270000.0,0,0,0,0,0,0,0,0,0,0,1,1,1,24,1,1,1,6,6,1,1,2
98,1895000.0,0,0,0,0,0,1,0,1,0,1,0,0,4,170,1,2,2,3,6,1,1,6
99,1115000.0,0,0,0,0,0,1,0,1,0,0,1,0,2,88,1,1,1,1,6,1,1,4
100,222000.0,0,0,0,0,0,0,0,0,0,0,0,0,1,17,1,1,1,1,6,1,1,1
101,867000.0,0,0,0,0,0,1,0,1,0,0,1,1,1,69,1,1,1,3,6,1,1,3
102,450000.0,0,0,0,0,0,1,0,1,0,0,0,0,1,36,1,1,1,2,6,1,1,2
103,3790000.0,0,0,0,0,0,1,0,1,0,0,1,0,7,306,1,1,2,6,7,1,1,10
104,590000.0,0,0,0,0,0,0,0,0,1,0,0,0,1,40,1,1,1,4,6,1,1,2
105,2195000.0,0,0,0,0,0,1,0,1,0,0,1,0,3,176,1,2,2,2,6,1,1,5
106,490000.0,0,0,0,0,0,0,0,0,0,0,0,0,1,36,1,1,1,6,6,1,1,2
107,1030000.0,0,0,0,0,0,1,0,1,0,0,0,1,3,103,1,1,1,3,6,1,1,5
108,129000.0,0,0,0,0,0,0,0,0,0,0,0,1,2,9,1,1,1,3,7,1,1,1
109,547000.0,0,0,0,0,0,1,0,0,0,0,0,0,1,36,1,1,1,3,6,1,1,2
110,829500.0,0,0,1,0,0,1,0,0,0,0,0,1,2,73,1,1,1,3,5,1,1,3
111,2100000.0,0,0,0,0,0,1,0,1,1,0,1,1,3,121,1,2,3,5,6,1,1,5
112,2350000.0,0,0,0,0,0,1,0,0,0,1,0,1,3,157,1,2,3,10,6,1,1,4
113,2970000.0,0,0,1,0,0,1,0,1,0,0,0,1,3,226,2,2,4,6,7,1,1,5
114,980000.0,0,0,0,0,0,1,0,0,0,0,1,1,2,87,1,1,1,4,9,1,1,3
115,360000.0,0,0,0,0,0,1,0,0,0,0,1,1,1,32,1,1,1,1,7,1,1,1
116,790000.0,0,0,0,0,0,1,0,1,0,0,0,1,1,63,1,1,1,2,6,1,1,2
117,2300000.0,0,0,0,0,0,1,0,0,0,0,1,1,4,266,1,2,2,2,6,1,1,6
118,535600.0,0,0,0,0,0,1,0,1,0,1,1,1,1,43,1,1,1,3,7,1,1,2
119,976000.0,0,0,0,0,0,1,0,1,0,0,1,1,2,85,1,1,1,6,8,1,1,4
120,2780000.0,0,0,0,0,0,0,0,0,0,0,0,1,6,225,1,2,3,2,7,1,1,9
121,2205000.0,0,0,0,0,0,1,0,0,1,0,0,1,4,156,1,2,3,3,7,1,1,6
122,1150000.0,0,0,0,0,0,1,1,0,0,0,0,1,2,96,2,2,3,3,14,1,1,4
123,3400000.0,0,0,0,0,0,1,0,1,0,0,0,0,5,288,1,2,3,3,11,1,1,7
124,1965000.0,0,0,0,0,0,1,0,1,0,0,0,1,4,169,1,1,2,5,9,1,1,5
125,1660000.0,0,0,0,0,0,1,0,1,1,0,1,1,3,140,2,1,1,1,6,1,1,5
126,510000.0,0,0,0,0,0,0,0,0,1,0,1,1,1,44,1,1,1,3,5,1,1,2
127,538000.0,0,0,0,0,0,0,1,0,0,0,0,0,1,34,1,1,1,2,5,1,1,2
128,560000.0,0,0,0,0,0,1,0,1,0,1,0,0,1,57,1,1,3,2,9,1,1,2
129,4500000.0,0,0,0,0,0,1,0,1,1,1,1,1,5,349,2,2,5,6,8,2,1,8
130,4500000.0,0,0,0,0,0,1,0,1,1,1,1,1,5,349,2,2,5,6,8,2,1,8
131,1965000.0,0,0,0,0,0,1,0,1,0,0,0,1,4,169,1,1,2,5,9,2,1,5
132,385000.0,0,0,0,0,0,0,1,0,0,0,0,1,1,28,1,1,1,4,5,2,1,2
133,550000.0,0,0,0,0,0,1,0,1,0,0,0,1,1,58,1,1,1,3,5,2,1,2
134,425000.0,0,0,0,0,0,0,0,1,0,0,0,1,1,41,1,1,1,2,6,2,1,2
135,6000000.0,0,0,0,0,0,1,0,1,0,1,1,0,4,249,1,2,4,2,5,3,1,7
136,950000.0,0,0,0,0,0,0,0,0,0,0,1,0,1,86,2,1,2,3,5,2,1,3
137,455000.0,0,0,0,0,0,0,0,0,1,0,0,0,1,44,1,1,1,5,5,2,1,2
138,1150000.0,0,0,0,0,0,0,0,0,0,0,0,0,1,86,1,1,1,2,8,2,1,3
139,1150000.0,0,0,1,0,0,1,0,1,0,0,1,1,2,92,1,1,1,1,6,2,1,3
140,510000.0,0,0,0,0,0,0,0,0,0,0,0,0,1,34,1,1,1,3,1,2,1,2
141,442000.0,0,0,0,0,0,1,0,1,1,0,0,0,1,36,1,1,1,5,6,2,1,2
142,282000.0,0,0,0,0,0,0,0,0,0,0,0,0,1,18,1,1,1,1,8,2,1,1
143,1150000.0,0,0,0,0,0,1,0,1,0,0,0,1,2,85,1,1,1,2,8,1,1,2
144,795000.0,0,0,0,0,0,1,0,1,0,0,0,0,1,72,1,1,1,3,7,1,1,3
145,720000.0,0,0,0,0,0,1,0,0,0,0,1,1,2,68,1,1,2,7,7,1,1,4
146,575000.0,0,0,0,0,0,0,0,0,0,0,0,0,2,45,1,1,1,5,6,1,1,3
147,1895000.0,0,0,1,0,0,1,0,1,0,0,1,1,3,144,2,1,3,4,6,1,1,5
148,649000.0,0,0,0,0,0,1,1,0,0,0,1,0,1,55,1,1,1,1,6,1,1,3
149,2350000.0,0,0,0,0,0,1,1,1,1,0,1,0,5,200,1,2,3,1,6,1,1,7
150,950000.0,0,0,0,0,0,1,0,0,0,1,0,0,3,45,1,1,2,7,3,1,1,2
151,485000.0,0,0,0,0,0,0,0,0,0,0,1,1,1,44,1,1,1,7,1,1,1,2
152,1350000.0,0,0,0,0,0,1,0,1,0,0,0,1,1,90,1,1,2,7,7,1,1,3
153,2100000.0,0,0,0,0,0,1,0,1,1,0,1,1,4,147,2,1,3,4,6,1,1,6
154,805000.0,0,0,0,0,0,1,1,1,0,0,0,1,2,63,1,1,1,1,7,1,1,3
155,422400.0,0,0,0,0,0,0,0,1,0,0,0,1,1,36,1,1,1,1,6,1,1,2
156,695000.0,0,0,1,0,0,1,0,1,0,1,0,0,1,50,1,1,1,2,7,1,1,3
157,1295000.0,0,0,0,1,0,1,0,1,0,1,0,1,2,96,1,1,1,5,6,1,1,4
158,165000.0,0,0,0,0,0,1,0,1,0,0,0,0,2,10,1,1,1,6,6,1,1,1
159,796000.0,0,0,0,0,0,1,0,1,0,0,0,1,3,77,1,1,1,4,7,1,1,4
160,329000.0,0,0,0,0,0,1,0,0,0,0,0,1,2,32,1,1,1,6,9,1,1,1
161,465000.0,0,0,0,0,0,1,0,1,0,0,0,1,1,45,1,1,1,1,7,1,1,2
162,525000.0,0,0,0,0,0,1,0,1,0,0,1,1,1,47,1,2,1,6,8,1,1,2
163,1365000.0,0,0,0,0,0,0,0,0,0,0,0,0,3,191,1,3,2,5,7,1,1,4
164,4900000.0,0,0,0,0,0,1,0,1,0,1,1,1,5,349,1,4,4,5,6,1,1,8
165,799000.0,0,0,0,0,0,1,0,0,0,0,0,1,1,65,1,1,1,4,9,1,1,2
166,5750000.0,0,0,0,0,0,1,1,0,0,0,1,0,6,470,1,6,1,2,7,1,1,8
167,3550000.0,0,0,0,0,0,1,0,1,1,0,1,1,2,210,1,1,2,1,5,1,1,5
168,1090000.0,0,0,0,0,0,1,0,1,0,0,1,1,2,67,1,1,2,1,6,1,1,3
169,3500000.0,0,0,0,0,0,1,0,1,0,0,1,0,4,253,2,1,2,1,6,1,1,7
170,1890000.0,0,0,0,0,0,1,0,1,0,0,1,1,4,144,1,1,1,1,6,1,1,6
171,799000.0,0,0,0,0,0,1,0,0,0,0,0,1,1,65,1,1,1,4,9,1,1,2
172,4500000.0,0,0,0,0,0,1,1,0,0,0,1,1,8,439,1,6,5,6,6,2,1,10
173,5950000.0,0,0,0,0,0,1,0,0,1,0,1,1,4,238,1,3,3,2,8,2,1,7
174,7400000.0,0,0,1,0,0,1,0,0,0,1,0,1,4,455,1,3,3,5,6,1,1,8
175,795000.0,0,0,0,0,0,0,0,1,0,0,0,0,1,58,1,1,1,4,6,1,1,2
176,1090000.0,0,0,0,0,0,1,0,1,0,0,1,1,2,67,1,1,2,2,6,1,1,3
177,3500000.0,0,0,0,0,0,1,0,1,0,0,1,0,4,253,2,1,2,1,7,1,1,7
178,265000.0,0,0,0,1,0,1,1,0,0,0,0,1,2,15,1,1,1,8,8,1,1,1
179,549000.0,0,0,0,0,0,1,0,1,0,0,0,1,1,54,1,1,1,6,8,1,1,2
180,885000.0,0,0,0,0,0,1,0,1,0,0,1,0,3,85,1,1,1,4,6,1,1,4
181,649000.0,0,0,0,0,0,1,0,1,0,0,0,0,1,61,1,1,1,1,9,1,1,2
182,590000.0,0,0,0,0,0,0,0,0,1,0,0,0,1,41,1,1,1,4,6,1,1,2
183,150000.0,0,0,0,0,0,1,0,0,0,0,0,1,1,9,1,1,1,7,4,1,1,1
184,883000.0,0,0,0,0,0,0,0,1,0,0,0,0,1,63,1,1,1,1,3,1,1,2
185,3570000.0,0,0,1,1,0,1,1,1,0,0,0,0,3,233,1,2,2,7,7,1,1,4
186,1930000.0,0,0,0,0,0,0,0,1,0,0,1,0,4,177,3,1,4,5,6,1,1,6
187,4085000.0,0,0,0,0,0,1,1,1,0,0,1,1,4,312,3,1,4,3,7,1,1,7
188,1920000.0,0,0,0,0,0,1,0,1,0,0,0,1,4,155,2,2,2,1,6,1,1,6
189,540000.0,0,0,0,0,0,1,0,1,1,0,0,1,4,32,1,1,1,6,5,1,1,1
190,380000.0,0,0,0,0,0,0,0,0,1,0,1,0,5,27,1,1,1,2,4,1,1,1
191,168000.0,0,0,0,0,0,1,0,0,0,0,0,1,5,12,1,1,1,3,8,1,1,1
192,4480000.0,0,0,0,0,0,1,0,1,0,0,1,1,6,245,1,1,2,4,7,1,1,7
193,2500000.0,0,0,1,0,0,1,1,1,0,0,1,1,3,196,1,1,3,1,6,1,1,6
194,499000.0,0,0,0,0,0,1,0,1,1,0,1,0,1,36,1,1,2,2,5,1,1,2
195,540000.0,0,0,0,0,0,1,0,1,1,0,0,1,1,32,1,1,1,6,5,1,1,1
196,610000.0,0,0,0,0,0,1,0,1,0,1,0,1,1,60,1,1,1,7,5,1,1,2
197,1020000.0,0,0,0,0,0,1,0,1,0,0,0,0,2,68,1,1,1,3,6,1,1,3
198,752600.0,0,0,0,1,0,1,0,1,0,0,0,0,2,70,1,1,1,6,6,1,1,3
199,390000.0,0,0,0,1,0,1,0,0,0,0,0,0,1,34,1,1,1,5,5,1,1,2
200,409000.0,0,0,0,0,0,1,0,1,0,0,0,1,1,35,1,1,1,6,8,1,1,1
201,600000.0,0,0,0,0,0,1,0,1,0,1,0,1,2,55,1,1,1,4,10,1,1,3
202,5720000.0,0,0,0,0,0,1,0,1,0,0,1,1,5,372,1,3,3,1,9,1,1,7
203,650000.0,0,0,0,0,0,1,0,1,0,0,1,1,1,53,1,1,1,6,8,1,1,2
204,775000.0,0,0,0,0,0,1,1,0,0,0,1,0,1,49,1,1,1,7,7,1,1,2
205,4900000.0,0,0,0,0,0,1,0,1,0,1,1,1,4,390,1,2,3,2,6,1,1,7
206,1890000.0,0,0,0,0,0,1,0,1,0,0,1,1,4,144,1,1,2,1,6,1,1,6
207,1005000.0,0,0,0,0,0,1,0,1,0,1,0,0,3,77,1,1,1,6,7,1,1,4
208,499000.0,0,0,0,0,0,1,0,1,1,0,1,0,1,36,1,1,1,2,5,1,1,2
209,1075000.0,0,0,0,0,0,1,0,1,0,0,0,1,2,74,1,1,1,4,7,1,1,3
210,620000.0,0,0,0,0,0,1,0,1,0,0,1,1,1,58,1,1,1,2,8,1,1,3
211,405600.0,0,0,0,0,0,1,0,1,0,1,0,1,1,33,1,1,1,4,8,1,1,2
212,918000.0,0,0,0,0,0,1,0,1,1,0,0,1,2,80,1,1,1,3,7,1,1,3
213,894400.0,0,0,0,0,0,1,0,1,0,0,1,0,2,67,1,1,1,3,6,1,1,4
214,315000.0,0,0,0,0,0,0,0,0,0,0,0,1,2,24,1,1,1,4,6,1,1,1
215,315000.0,0,0,0,0,0,0,0,0,0,0,0,1,2,24,1,1,1,4,6,1,1,1
216,2205000.0,0,0,0,0,0,1,0,1,0,0,0,0,3,157,1,2,1,3,6,1,1,5
217,695000.0,0,0,0,0,0,1,0,1,0,0,0,0,1,52,1,1,1,5,6,1,1,2
218,230000.0,0,0,0,0,0,1,0,0,0,0,0,0,1,18,1,1,1,6,6,1,1,1
219,355000.0,0,0,0,0,0,0,1,1,1,0,1,1,1,20,1,1,1,5,6,1,1,1
220,208000.0,0,0,0,0,0,0,0,0,0,0,1,0,2,16,1,1,1,4,6,1,1,1
221,315000.0,0,0,0,0,0,1,0,0,0,0,0,1,2,24,1,1,1,4,6,1,1,1
222,2600000.0,0,0,1,0,0,1,0,0,1,0,0,1,3,200,1,1,3,3,6,1,1,6
223,585000.0,0,0,1,0,0,1,1,1,1,0,1,0,1,46,1,1,1,3,6,1,1,2
224,441000.0,0,0,0,0,0,1,0,1,0,1,1,0,1,59,1,1,1,4,4,1,1,2
225,749500.0,0,0,0,0,0,1,0,1,0,0,0,1,2,80,1,1,1,3,7,1,1,4
226,849000.0,0,0,0,0,0,1,0,1,0,0,0,0,2,75,1,1,1,3,7,1,1,3
227,380000.0,0,0,0,0,0,0,0,0,1,0,1,0,1,27,1,1,1,2,4,1,1,1
228,649000.0,0,0,0,0,0,1,0,1,0,0,1,0,1,70,1,1,1,1,9,1,1,2
229,4900000.0,0,0,0,0,0,0,0,0,0,1,0,0,7,349,1,1,1,5,8,1,1,8
230,618000.0,0,0,0,0,0,1,1,0,0,0,1,1,1,40,1,1,1,7,8,1,1,2
231,804000.0,0,0,0,0,0,1,0,0,0,0,1,1,2,65,1,1,1,1,8,1,1,4
232,441000.0,0,0,0,0,0,1,0,1,0,1,1,0,1,59,1,1,1,4,4,1,1,2
233,898000.0,0,0,1,0,0,1,0,1,0,1,0,1,2,66,1,1,1,7,7,1,1,3
234,749500.0,0,0,0,0,0,1,0,1,0,0,0,1,2,80,1,1,1,4,7,1,1,4
235,424000.0,0,0,0,0,0,0,0,0,0,0,0,1,3,31,1,1,1,2,9,1,1,1
236,2045000.0,0,0,0,0,0,0,0,0,0,0,1,0,4,166,1,2,2,1,6,1,1,5
237,1751000.0,0,0,0,0,0,1,1,1,0,0,1,1,2,82,1,1,2,1,6,2,1,3
238,849000.0,0,0,0,0,0,1,0,1,0,0,0,0,2,75,1,1,1,3,7,1,1,3
239,615000.0,0,0,0,0,0,1,0,0,0,0,0,1,1,50,1,1,1,1,6,1,1,2
240,950000.0,0,0,0,0,0,1,0,1,0,0,0,1,1,60,1,1,1,4,11,1,1,3
241,997000.0,0,0,0,0,0,0,0,1,1,0,0,0,3,110,1,1,2,4,6,1,1,4
242,485000.0,0,0,0,0,0,0,0,1,1,0,0,1,1,40,1,1,1,2,4,1,1,2
243,1435000.0,0,0,0,0,0,1,0,0,0,1,1,0,2,84,1,1,1,8,8,1,1,4
244,441000.0,0,0,0,0,0,0,0,0,0,0,0,0,2,39,1,1,1,5,5,1,1,1
245,1540000.0,0,0,0,0,0,1,0,1,0,0,1,0,3,110,1,1,1,3,5,1,1,4
246,210000.0,0,0,0,0,0,0,0,0,0,0,0,1,3,15,1,1,2,7,5,1,1,1
247,3710000.0,0,0,0,0,0,1,0,1,0,0,0,1,3,252,1,1,4,1,6,1,1,6
248,729000.0,0,0,0,0,0,1,0,1,0,0,0,0,1,44,1,1,1,5,7,1,1,2
249,330000.0,0,0,0,0,0,1,0,1,0,0,0,1,1,55,1,1,1,5,9,1,1,2
250,6300000.0,0,0,0,0,0,1,0,0,0,0,1,1,6,400,1,5,6,3,5,1,1,11
251,1850000.0,0,0,0,0,0,1,1,0,1,0,1,1,2,122,1,2,3,3,6,1,1,4
252,599000.0,0,0,0,0,0,1,0,1,0,0,0,1,1,50,1,1,1,7,7,1,1,2
253,2300000.0,0,0,1,0,0,1,0,1,0,1,1,1,2,157,2,1,4,10,6,1,1,5
254,1679000.0,0,0,1,0,0,1,0,1,0,0,1,0,3,130,1,1,2,1,6,1,1,5
255,208000.0,0,0,0,0,0,0,0,0,0,0,0,0,3,14,1,1,1,6,6,1,1,1
256,1540000.0,0,0,0,0,0,1,0,1,0,0,1,0,3,110,1,1,1,3,6,1,1,4
257,194000.0,0,0,0,0,0,0,0,0,0,0,0,1,2,14,1,1,1,6,6,1,1,1
258,690000.0,0,0,0,0,0,1,0,1,1,0,1,0,2,64,1,1,1,1,6,1,1,4
259,235000.0,0,0,1,0,0,1,0,1,0,1,0,1,1,39,1,1,1,4,8,1,1,2
260,330000.0,0,0,0,0,0,1,0,1,0,0,0,1,1,55,1,1,1,5,9,1,1,2
261,729000.0,0,0,0,0,0,1,0,1,0,0,0,0,1,44,1,1,1,5,8,1,1,2
262,890000.0,0,0,0,0,0,1,0,1,0,0,0,0,3,90,1,1,1,4,7,1,1,4
263,749000.0,0,0,0,0,0,0,0,1,1,0,0,0,2,58,1,1,1,3,6,1,1,3
264,252500.0,0,0,0,0,0,0,0,0,1,0,0,0,2,19,1,1,1,6,6,1,1,1
265,126000.0,0,0,0,0,0,0,0,0,0,0,0,0,2,9,1,1,1,5,5,1,1,1
266,349000.0,0,0,0,0,0,1,0,0,0,0,0,1,2,28,1,1,1,8,5,1,1,1
267,1103000.0,0,0,0,0,0,1,0,0,0,0,1,1,3,107,1,1,2,1,5,1,1,4
268,420000.0,0,0,0,0,0,0,0,1,0,1,0,1,1,35,1,1,1,6,6,1,1,2
269,1310000.0,0,0,1,0,0,1,0,1,0,1,0,1,2,101,1,1,1,4,10,1,1,4
270,898000.0,0,0,1,0,0,1,0,1,0,1,0,0,2,66,1,1,1,7,7,1,1,3
271,850000.0,0,0,0,0,0,0,0,0,0,0,0,0,2,70,1,1,1,7,7,1,1,3
272,210000.0,0,0,0,0,0,0,0,0,0,0,0,1,2,15,1,1,1,7,7,1,1,1
273,1540000.0,0,0,0,0,0,1,0,1,0,0,1,0,3,110,1,1,1,3,7,1,1,4
274,235000.0,0,0,1,0,0,1,0,1,0,1,0,1,1,39,1,1,1,4,8,1,1,2
275,651000.0,0,0,0,0,0,1,0,1,0,0,0,0,1,44,1,1,1,5,7,1,1,2
276,1830000.0,0,0,0,0,0,1,0,1,0,0,1,1,3,121,1,1,2,4,6,1,1,5
277,3100000.0,0,0,0,0,0,1,0,1,1,0,1,1,5,270,1,3,3,4,6,1,1,8
278,1930000.0,0,0,0,0,0,0,0,1,0,0,1,1,4,177,3,1,4,3,6,1,1,6
279,1575000.0,0,0,0,0,0,1,0,1,0,0,0,1,1,60,1,1,1,2,7,1,1,3
280,60000.0,0,0,0,0,0,0,1,0,0,0,0,1,1,6,1,1,1,1,9,1,1,1
281,299000.0,0,0,0,0,0,1,0,0,0,0,0,1,1,15,1,1,1,1,5,1,1,1
282,1310000.0,0,0,1,0,0,1,0,1,0,1,0,1,2,101,1,1,1,4,10,1,1,4
283,830000.0,0,0,0,0,0,1,0,0,0,0,0,1,2,62,2,1,1,1,9,1,1,4
284,898000.0,0,0,1,0,0,1,0,1,0,1,0,0,2,66,1,2,1,7,7,1,1,3
285,850000.0,0,0,0,0,0,0,0,0,0,0,0,0,2,70,1,2,1,4,6,1,1,3
286,2280000.0,0,0,0,0,0,1,0,1,0,0,1,1,4,236,3,3,1,1,5,1,1,7
287,485000.0,0,0,0,0,0,0,0,1,0,0,0,0,2,47,2,2,1,3,5,1,1,3
288,60000.0,0,0,0,0,0,0,0,0,0,0,0,0,1,6,2,1,1,6,6,1,1,1
289,565000.0,0,0,0,0,0,1,0,1,0,0,1,0,1,43,1,1,1,4,7,1,1,2
290,2900000.0,0,0,0,0,0,1,0,1,0,1,0,0,4,172,1,1,1,5,7,1,1,5
291,125000.0,0,0,0,0,0,1,0,0,0,0,0,1,3,10,1,1,1,7,7,1,1,1
292,870000.0,0,0,0,0,0,0,0,1,0,0,0,1,2,90,1,1,1,5,8,1,1,4
293,312000.0,0,0,0,0,0,1,0,0,1,0,0,0,1,23,1,1,1,3,3,1,1,2
294,930000.0,0,0,0,0,0,1,0,0,1,1,0,0,2,60,1,1,1,5,6,1,1,3
295,3490000.0,0,0,0,0,0,0,0,1,0,0,1,1,5,303,1,2,2,3,5,1,1,8
296,739000.0,0,0,0,0,0,1,0,1,0,0,0,0,1,54,2,1,1,1,7,1,1,2
297,796000.0,0,0,0,0,0,1,0,1,0,0,1,1,2,76,3,1,1,4,8,1,1,4
298,3710000.0,0,0,0,0,0,0,0,1,0,0,1,0,6,305,4,1,1,1,7,1,1,10
299,550000.0,0,0,0,0,0,0,0,1,1,0,0,1,1,44,1,1,1,2,6,1,1,2
300,547000.0,0,0,0,0,0,0,0,0,0,0,0,0,1,37,1,1,1,1,7,1,1,2
301,850000.0,0,0,0,0,0,1,0,1,0,0,0,1,1,69,2,1,1,7,9,1,1,3
302,3490000.0,0,0,0,0,0,0,0,1,0,0,1,1,5,303,2,2,2,4,5,1,1,8
303,739000.0,0,0,0,0,0,1,0,1,0,0,0,0,1,54,3,1,1,1,7,1,1,2
304,3710000.0,0,0,0,0,0,0,0,1,0,0,1,0,6,305,4,1,1,1,7,1,1,10
305,523500.0,0,0,0,0,0,1,0,1,0,0,0,1,1,48,2,1,1,4,8,1,1,2
306,898000.0,0,0,1,0,0,1,0,1,0,1,1,1,2,66,1,1,1,7,7,1,1,3
307,1495000.0,0,0,1,0,0,1,0,1,1,0,1,1,3,113,1,1,1,2,6,1,1,5
308,499000.0,0,0,0,0,0,1,0,0,0,0,1,1,1,34,1,1,1,6,6,1,1,2
309,312000.0,0,0,0,0,0,1,0,0,1,0,0,0,1,23,1,1,1,3,3,1,1,2
310,930000.0,0,0,0,0,0,1,0,0,1,1,0,0,2,60,1,1,1,5,6,1,1,3
311,3490000.0,0,0,0,0,0,0,0,1,0,0,1,1,5,303,1,2,2,3,5,1,1,8
312,550000.0,0,0,0,0,0,0,0,0,0,0,0,0,1,43,2,1,1,2,6,1,1,2
313,739000.0,0,0,0,0,0,1,0,1,0,0,0,0,1,54,2,1,1,1,7,1,1,2
314,796000.0,0,0,0,0,0,1,0,1,0,0,1,1,2,76,3,1,1,4,8,1,1,4
315,3710000.0,0,0,0,0,0,0,0,1,0,0,1,0,6,305,4,1,1,1,7,1,1,10
316,1185000.0,0,0,0,0,0,1,0,1,0,0,0,1,3,88,3,1,1,4,6,1,1,4
317,525000.0,0,0,1,0,0,0,0,1,0,1,0,1,1,39,2,1,1,4,4,1,1,2
318,550000.0,0,0,0,0,0,0,0,1,1,0,0,1,1,44,1,1,1,2,6,1,1,2
319,547000.0,0,0,0,0,0,0,0,0,0,0,0,0,1,37,1,1,1,1,6,1,1,2
320,685000.0,0,0,0,0,0,0,0,1,0,0,1,0,2,54,1,1,1,1,6,1,1,3
321,1740000.0,0,0,0,0,0,1,0,1,0,0,1,1,3,154,1,2,3,2,7,1,1,5
322,832000.0,0,0,0,0,0,0,0,0,0,0,1,1,1,60,1,1,3,2,7,1,1,2
323,1890000.0,0,0,0,0,0,1,1,1,0,0,1,1,3,131,2,1,4,3,8,1,1,5
324,149000.0,0,0,0,0,0,0,0,0,1,0,0,1,2,11,1,1,3,6,7,1,1,1
325,92000.0,0,0,0,0,0,1,1,0,0,0,1,1,1,7,1,1,3,7,7,1,1,1
326,1045000.0,0,0,0,0,0,0,0,1,0,0,0,0,1,117,1,1,3,5,6,1,1,2
327,820000.0,0,0,0,0,0,1,0,1,1,0,0,1,1,62,1,1,3,4,6,1,1,3
328,3000000.0,0,0,0,0,0,1,0,0,1,0,0,1,2,173,1,1,3,6,6,1,1,6
329,2780000.0,0,0,0,0,0,0,0,1,1,0,0,0,4,215,1,1,2,1,6,1,1,7
330,480000.0,0,0,0,0,0,0,0,0,0,0,0,0,1,44,1,1,2,3,4,1,1,2
331,735000.0,0,0,0,0,0,1,0,1,1,0,0,1,2,60,1,1,2,2,6,1,1,4
332,2850000.0,0,0,0,0,0,1,1,0,0,0,0,0,4,288,1,1,2,1,6,1,1,6
333,3400000.0,0,0,0,0,0,1,1,0,0,1,0,0,4,285,1,1,2,4,6,1,1,6
334,3544500.0,0,0,0,0,0,1,1,1,0,0,0,1,4,278,1,1,1,4,6,1,1,6
335,462000.0,0,0,0,0,0,0,0,1,0,1,0,1,1,44,1,1,1,5,6,1,1,2
336,788000.0,0,0,0,0,0,1,0,1,0,0,0,1,2,70,1,1,1,3,8,1,1,3
337,815000.0,0,0,0,0,0,1,0,1,0,0,0,1,2,60,1,1,1,2,7,1,1,3
338,398000.0,0,0,0,0,0,0,0,1,0,0,0,0,2,28,1,1,1,4,6,1,1,1
339,3450000.0,0,0,0,0,0,1,0,1,0,1,1,1,3,205,1,1,2,2,5,1,1,5
340,120000.0,0,0,0,0,0,1,0,0,0,0,0,0,3,11,1,1,1,1,7,1,1,1
341,2350000.0,0,0,0,0,0,1,0,1,0,1,0,1,4,180,1,1,1,1,9,1,1,5
342,722174.0,0,0,0,0,0,0,0,0,0,0,0,0,2,46,1,1,1,1,7,1,1,1
343,610000.0,0,0,0,0,0,1,0,1,1,0,1,1,1,60,1,1,1,3,5,1,1,2
344,595000.0,0,0,0,0,0,1,1,0,0,0,1,1,2,105,1,1,2,5,8,1,1,4
345,329000.0,0,0,0,0,0,1,0,1,1,0,0,0,2,27,1,1,1,6,6,1,1,1
346,485000.0,0,0,0,0,0,1,0,0,1,0,0,0,2,35,1,1,1,2,5,1,1,1
347,830000.0,0,0,0,0,0,0,0,0,0,0,0,1,2,59,1,1,1,1,5,1,1,3
348,830000.0,0,0,0,0,0,0,0,0,0,0,0,1,2,59,1,2,1,1,5,1,1,3
349,485000.0,0,0,0,0,0,1,0,0,1,0,0,0,2,35,1,2,1,2,5,1,1,1
350,123000.0,0,0,0,0,0,1,0,0,0,0,0,0,2,9,1,2,1,8,8,1,1,1
351,3100000.0,0,0,0,0,0,1,1,0,0,0,0,0,3,230,1,3,1,4,8,1,1,6
352,775000.0,0,0,0,0,0,1,0,1,0,0,1,0,2,78,1,2,1,5,9,1,1,3
353,80000.0,0,0,0,0,0,1,0,0,0,0,0,0,2,11,1,1,1,6,10,1,1,1
354,1550000.0,0,0,0,0,0,1,0,1,0,1,0,1,3,130,1,1,3,8,11,1,1,5
355,55000.0,0,0,0,0,0,0,0,0,1,0,0,1,2,6,1,1,2,7,9,1,1,1
356,1145000.0,0,0,0,0,0,1,0,1,0,1,1,1,2,90,1,1,2,6,8,1,1,3
357,4500000.0,0,0,0,0,0,1,0,1,0,0,1,1,4,300,1,3,3,6,7,1,1,6
358,110000.0,0,0,0,0,0,0,0,0,0,0,0,0,3,9,1,2,2,6,6,1,1,1
359,450000.0,0,0,0,0,0,0,0,0,0,0,0,0,2,34,1,2,2,5,6,1,1,1
360,110000.0,0,0,0,0,0,0,0,0,0,0,0,0,1,9,1,1,1,6,6,1,1,1
361,740000.0,0,0,0,0,0,1,0,1,0,0,1,1,1,43,1,1,1,2,7,1,1,2
362,3970000.0,0,0,0,0,0,1,1,0,0,0,0,0,5,400,1,5,1,2,7,1,1,7
363,2210000.0,0,0,0,0,0,1,0,1,0,0,0,0,4,160,1,4,1,6,7,1,1,6
364,287000.0,0,0,0,0,0,0,0,0,0,0,1,1,3,24,1,3,1,5,8,1,1,1
365,2450000.0,0,0,0,0,0,1,1,0,0,0,0,0,3,160,1,2,1,4,7,1,1,6
366,716000.0,0,0,0,0,0,1,0,0,0,0,0,1,1,55,1,1,1,5,6,1,1,2
367,3750000.0,0,0,0,0,0,1,1,0,0,0,0,0,3,250,1,2,1,6,7,1,1,6
368,270000.0,0,0,0,0,0,1,0,0,0,1,0,1,3,16,1,3,1,1,8,1,1,1
369,2900000.0,0,0,1,0,0,1,0,0,0,0,0,1,4,220,1,4,1,3,8,1,1,8
370,1130000.0,0,0,0,0,0,1,1,0,0,0,1,1,2,95,1,1,1,3,8,1,1,4
371,800000.0,0,0,0,0,0,1,0,0,0,0,0,1,2,76,1,1,1,4,8,1,1,3
372,2730000.0,0,0,0,0,0,0,0,0,0,1,0,0,3,177,1,1,1,5,6,1,1,5
373,2850000.0,0,0,1,0,0,1,0,1,0,1,1,1,4,235,1,3,1,5,6,1,1,5
374,25000000.0,0,0,0,0,0,0,0,0,0,0,0,0,7,800,1,2,1,6,6,1,1,10
375,19147500.0,0,0,0,0,0,0,1,0,0,0,1,0,5,618,1,1,1,7,7,1,1,8
376,13295000.0,0,0,0,0,0,1,0,1,0,0,1,1,4,436,1,1,2,5,8,1,2,6
377,7442500.0,0,0,0,0,0,1,0,0,0,0,0,0,3,254,1,2,3,6,6,2,3,4
378,1590000.0,0,0,0,0,0,1,0,1,0,0,1,1,2,73,1,1,1,5,9,1,1,3
379,99000.0,0,0,0,0,0,0,0,0,0,0,0,0,1,8,1,1,1,5,5,1,1,1
380,630000.0,0,0,0,0,0,1,0,1,0,0,0,1,1,40,1,1,1,6,9,1,1,2
381,229000.0,0,0,0,0,0,1,0,0,0,0,0,0,1,15,1,1,1,7,12,1,1,1
382,462000.0,0,0,0,0,0,1,0,1,0,0,0,1,1,36,1,1,1,9,15,1,1,1
383,695000.0,0,0,0,0,0,1,0,1,0,0,0,1,1,57,1,1,1,6,4,1,1,2
384,8060000.0,0,0,1,0,0,1,0,1,0,0,0,1,4,316,1,3,3,4,6,1,1,7
385,935000.0,0,0,0,0,0,1,0,1,0,0,1,0,2,93,2,2,2,1,14,1,1,4
386,7000000.0,0,0,0,0,0,1,0,0,0,0,0,0,4,440,1,1,3,3,10,1,1,20
387,4680000.0,0,0,0,0,0,1,0,0,0,0,0,1,4,290,1,3,4,5,7,1,1,7
388,818000.0,0,0,0,0,0,1,0,1,0,0,1,1,2,69,1,1,1,2,8,1,1,3
389,880000.0,0,0,0,0,0,1,0,1,0,0,1,0,2,70,1,1,1,5,10,1,1,4
390,1236000.0,0,0,0,0,0,1,0,1,0,1,0,1,2,97,1,1,1,4,8,1,1,3
391,780000.0,0,0,0,0,0,1,0,1,0,0,1,0,1,64,1,1,1,2,7,1,1,2
392,2340000.0,0,0,0,0,0,1,0,1,0,0,0,0,2,118,1,1,2,8,7,1,1,4
393,818000.0,0,0,0,0,0,1,0,1,0,0,1,1,2,69,1,1,1,2,8,1,1,3
394,12950000.0,0,0,0,0,0,1,0,1,0,0,0,1,5,434,1,4,1,4,9,1,1,11
395,880000.0,0,0,0,0,0,1,0,1,0,0,1,0,2,70,1,1,1,5,10,1,1,4
396,1850000.0,0,0,0,0,0,1,0,0,0,0,1,1,4,164,1,1,2,4,8,1,1,6
397,1190000.0,0,0,1,0,0,1,0,1,0,1,0,1,1,87,1,1,1,4,8,1,1,3
398,999740.0,0,0,0,0,0,1,0,1,0,1,0,0,3,86,1,1,1,6,9,1,1,4
399,625000.0,0,0,1,0,0,1,0,1,0,0,0,1,1,52,1,1,1,4,6,1,1,2
400,760000.0,0,0,1,0,0,1,0,0,0,0,0,1,1,58,1,1,1,3,5,1,1,2
401,780000.0,0,0,0,0,0,1,0,1,0,0,1,0,2,72,1,1,1,5,6,1,1,3
402,228800.0,0,0,0,0,0,0,0,0,0,0,0,0,1,15,1,1,1,1,7,1,1,2
403,350000.0,0,0,0,0,0,0,0,0,0,1,0,1,2,29,1,1,1,2,8,1,1,1
404,1150000.0,0,0,1,0,0,1,0,0,0,1,1,1,3,100,1,1,1,7,9,1,1,4
405,885000.0,0,0,0,0,0,1,0,1,0,0,1,0,2,79,1,1,1,2,6,1,1,4
406,1395000.0,0,0,0,0,0,1,0,1,0,1,0,0,3,112,1,1,2,7,11,1,1,5
407,175000.0,0,0,0,0,0,0,0,0,0,0,0,1,2,13,1,1,1,6,10,1,1,1
408,818000.0,0,0,0,0,0,1,0,1,0,0,1,1,2,69,1,1,1,2,9,1,1,3
409,310000.0,0,0,0,0,0,0,0,0,0,0,0,0,1,32,1,1,1,2,8,1,1,1
410,780000.0,0,0,0,0,0,1,0,1,0,0,1,0,1,64,1,1,1,2,7,1,1,2
411,115000.0,0,0,0,0,0,0,0,0,0,0,0,0,1,10,1,1,1,7,7,1,1,1
412,780000.0,0,0,0,0,0,1,0,1,0,0,1,0,2,72,1,1,1,5,6,1,1,3
413,228800.0,0,0,0,0,0,0,0,0,0,0,0,0,1,15,1,1,1,1,7,1,1,2
414,350000.0,0,0,0,0,0,0,0,0,0,1,0,1,2,29,1,1,1,2,8,1,1,1
415,1150000.0,0,0,1,0,0,1,0,0,0,1,1,1,3,100,1,1,1,7,9,1,1,4
416,3120000.0,0,0,0,0,0,1,0,1,0,0,0,1,3,271,1,2,2,5,5,1,1,5
417,1900000.0,0,0,0,0,0,0,0,0,0,0,0,0,2,163,1,1,1,3,6,1,1,3
418,680000.0,0,0,0,0,0,1,0,0,0,1,0,0,1,55,1,1,1,6,7,1,1,2
419,1650000.0,0,0,0,0,0,0,0,0,0,1,0,0,1,72,1,1,1,2,2,1,1,2
420,4375000.0,0,0,1,0,0,0,0,1,0,0,0,1,3,240,1,1,1,3,3,1,1,6
421,8000000.0,0,0,0,0,0,1,0,1,0,1,0,1,6,355,1,1,1,4,4,1,1,7
422,880000.0,0,0,0,0,0,1,0,1,0,1,1,1,2,100,1,1,2,7,10,1,1,4
423,2600000.0,0,0,0,0,0,1,0,0,0,0,0,1,3,200,1,1,3,3,6,1,1,6
424,906800.0,0,0,0,0,0,1,0,1,0,0,0,0,2,79,2,1,2,8,6,1,1,4
425,1190000.0,0,0,1,0,0,1,1,0,1,1,1,0,2,77,1,2,2,5,6,1,1,4
426,1650000.0,0,0,0,0,0,1,0,1,0,0,0,1,2,122,1,1,1,5,8,2,1,4
427,1390000.0,0,0,0,0,0,1,1,1,0,0,1,1,3,105,1,1,2,3,10,2,1,4
428,6300000.0,0,0,0,0,1,1,0,0,1,0,1,0,1,230,1,1,2,3,3,2,1,5
429,3000000.0,0,0,0,0,0,0,0,1,0,0,1,0,5,333,1,3,2,2,4,2,1,10
430,2995000.0,0,0,0,0,0,0,0,1,0,0,1,1,4,185,2,2,3,2,5,2,1,6
431,2980000.0,0,0,0,0,0,1,0,1,0,0,1,0,4,232,2,2,2,5,7,2,1,6
432,1800000.0,0,0,0,0,0,1,0,1,0,0,0,1,3,123,2,2,2,6,7,2,1,5
433,2590000.0,0,0,0,0,0,1,0,0,0,0,1,0,4,190,2,3,1,3,6,2,1,6
434,2220000.0,0,0,0,0,0,1,0,1,0,0,1,1,4,186,2,1,3,1,7,2,1,7
435,2590000.0,0,0,0,0,0,1,0,1,0,0,0,1,4,203,2,1,2,1,6,2,1,7
436,1508000.0,0,0,0,0,0,1,0,1,0,0,0,1,3,104,1,1,1,1,7,2,1,5
437,1150000.0,0,0,0,0,0,1,0,1,0,0,1,1,2,100,1,1,1,7,10,2,1,4
438,2340000.0,0,0,0,0,1,0,0,1,0,0,0,0,2,118,1,1,2,8,9,2,1,4
439,2500000.0,0,0,0,0,0,1,0,1,0,0,0,1,3,201,1,3,1,3,6,2,1,6
440,5300000.0,0,0,0,0,1,1,0,0,0,0,0,1,4,428,1,2,3,3,6,2,1,8
441,2750000.0,0,0,0,0,1,0,0,0,0,0,0,0,3,199,1,2,3,4,6,2,1,6
442,3397000.0,0,0,0,0,0,1,0,1,0,0,0,1,4,265,1,3,3,4,7,2,1,7
443,2050000.0,0,0,0,0,1,1,0,1,0,0,0,1,3,165,1,1,2,4,8,2,1,5
444,1990000.0,0,0,0,0,1,1,0,1,0,0,0,0,3,128,1,1,1,6,8,2,1,5
445,880000.0,0,0,0,0,0,1,0,0,0,0,0,1,1,56,1,1,1,3,10,2,1,2
446,2250000.0,0,0,0,0,0,1,0,1,1,0,1,1,4,179,1,1,1,6,7,2,1,7
447,2325000.0,0,0,0,0,0,0,0,0,0,0,0,0,3,166,1,2,1,5,6,2,1,5
448,2400000.0,0,0,0,0,1,0,0,0,0,0,0,1,3,154,1,3,1,4,6,2,1,4
449,1300000.0,0,0,0,0,0,1,0,1,0,0,1,0,3,90,1,1,1,2,6,2,1,4
450,2995000.0,0,0,0,0,0,1,0,1,0,0,0,0,4,185,1,3,1,2,6,2,1,6
451,3570000.0,0,0,0,0,1,1,0,1,0,0,1,1,3,223,1,2,2,6,2,2,1,4
452,1490000.0,0,0,0,0,0,1,0,1,0,0,0,1,3,106,1,1,2,5,8,2,1,5
453,1386000.0,0,0,0,0,0,1,0,1,0,0,0,1,3,112,1,1,2,2,8,2,1,5
454,2984000.0,0,0,0,0,0,1,0,1,0,0,0,1,4,184,2,1,2,2,9,2,1,6
455,950000.0,0,0,0,0,1,1,0,0,0,0,0,1,1,58,1,1,1,4,11,2,1,2
456,2600000.0,0,0,0,0,0,1,0,1,1,0,1,1,3,165,3,1,3,5,6,2,1,5
457,1030000.0,0,0,0,0,0,1,0,1,1,0,1,1,2,85,2,1,1,3,6,2,1,3
458,1000000.0,0,0,0,0,0,1,0,1,0,0,1,1,1,65,2,1,1,3,6,2,1,2
459,1180000.0,0,0,0,0,0,1,0,1,1,0,1,1,2,76,2,1,1,4,6,2,1,4
460,3900000.0,0,0,0,0,1,1,0,1,0,0,1,1,5,274,1,5,5,4,6,2,1,8
461,5270000.0,0,0,0,0,1,1,0,0,0,0,0,1,5,340,1,4,1,2,6,2,1,7
462,3495000.0,0,0,0,0,0,1,0,1,1,0,1,1,3,197,1,1,2,2,6,2,1,5
463,3400000.0,0,0,0,0,0,1,0,1,0,0,0,1,3,189,1,2,3,4,7,2,1,5
464,5775000.0,0,0,0,0,1,1,0,0,0,0,1,1,3,385,2,2,3,5,6,2,1,11
465,3350000.0,0,0,0,0,0,1,0,1,0,0,1,1,4,282,2,2,4,1,6,2,1,8
466,2600000.0,0,0,0,0,1,0,0,0,0,0,0,0,2,170,2,2,3,1,6,2,1,4
467,1790000.0,0,0,0,0,0,1,0,1,0,0,1,1,4,144,2,2,2,1,8,2,1,6
468,1990000.0,0,0,0,0,1,1,0,0,0,0,0,0,3,128,2,2,3,7,7,2,1,5
469,1080000.0,0,0,0,0,1,1,0,0,0,0,1,1,1,80,2,1,1,5,7,2,1,3
470,2145000.0,0,0,0,0,1,1,0,1,0,0,1,1,3,163,3,1,3,2,6,2,1,5
471,4500000.0,0,0,0,0,1,1,0,1,0,0,0,1,3,298,2,2,2,3,5,2,1,5
472,3095000.0,0,0,0,0,1,1,0,1,1,0,1,1,4,195,1,1,2,6,6,2,1,6
473,2850000.0,0,0,0,0,0,1,0,1,0,0,1,1,4,217,4,1,4,5,7,2,1,7
474,935000.0,0,0,0,0,1,1,0,0,0,0,0,1,2,83,3,1,1,4,8,2,1,3
475,1080000.0,0,0,0,0,1,1,0,0,0,0,1,1,1,80,2,1,1,5,7,2,1,3
476,2220000.0,0,0,0,0,0,1,0,1,0,0,1,1,4,186,1,2,3,1,6,2,1,7
477,1650000.0,0,0,0,0,1,1,0,1,0,0,1,0,2,75,1,1,1,4,4,2,1,3
478,2350000.0,0,0,0,0,1,1,0,1,0,0,0,0,5,209,1,3,2,6,5,2,1,7
479,3100000.0,0,0,0,0,0,1,0,1,0,0,0,1,3,197,1,2,3,6,7,2,1,5
480,3095000.0,0,0,0,0,1,1,0,1,0,0,1,1,4,240,1,2,2,1,6,2,1,7
481,2050000.0,0,0,0,0,1,1,0,0,0,0,1,0,2,218,1,2,1,6,6,2,1,4
482,1995000.0,0,0,0,0,0,1,0,0,0,0,1,1,3,196,1,2,1,1,6,2,1,4
483,6360000.0,0,0,0,0,0,1,0,0,0,0,1,0,4,174,1,1,1,1,5,2,1,8
484,2200000.0,0,0,0,0,0,1,0,0,0,0,0,1,3,153,1,1,2,3,6,2,1,4
485,8890000.0,0,0,0,0,1,1,0,0,0,0,1,0,4,222,1,3,1,6,7,2,1,7
486,9426666.666666666,0,0,0,0,0,0,0,0,0,0,0,0,4,291,1,2,1,4,5,2,1,7
487,9963333.333333334,0,0,0,0,0,0,0,0,0,0,0,0,4,360,2,1,1,3,3,2,1,7
488,10500000.0,0,0,0,0,1,0,0,0,0,0,0,0,4,430,3,1,1,2,1,2,1,7
489,960000.0,0,0,0,0,0,1,0,1,0,0,1,1,1,70,2,1,2,1,8,2,1,3
490,2460000.0,0,0,0,0,1,1,0,1,1,0,1,1,4,195,2,2,2,4,7,2,1,6
491,1149000.0,0,0,0,0,1,0,0,1,1,0,1,0,3,76,2,2,2,2,6,2,1,4
492,1624500.0,0,0,0,0,0,0,0,0,0,0,0,0,3,103,1,2,2,4,6,2,1,4
493,2100000.0,0,0,0,0,1,1,0,0,0,0,1,1,3,130,1,2,2,6,6,2,1,5
494,1110000.0,0,0,0,0,0,1,0,1,0,0,0,1,2,90,1,1,2,4,8,2,1,4
495,2992500.0,0,0,0,0,0,1,0,0,1,0,1,0,4,93,1,4,1,5,6,2,1,7
496,1420000.0,0,0,0,0,0,1,0,1,0,0,0,0,3,97,1,1,1,3,6,2,1,5
497,8060000.0,0,0,0,0,1,1,0,0,0,0,0,0,5,317,1,1,1,4,6,2,1,7
498,2592000.0,0,0,0,0,1,1,0,1,0,0,0,1,3,162,1,2,1,1,6,2,1,5
499,3133500.0,0,0,0,0,1,1,0,1,0,0,1,1,4,320,1,2,3,3,6,2,1,7
500,3675000.0,0,0,0,0,0,0,0,1,0,0,0,0,4,329,1,1,3,2,5,2,1,11
501,3690000.0,0,0,0,0,0,1,0,1,0,0,1,1,4,264,1,3,3,1,6,2,1,7
502,1840000.0,0,0,0,0,0,1,0,1,0,0,1,1,4,160,1,1,2,5,6,2,1,6
503,1716000.0,0,0,0,0,0,1,0,0,0,0,0,1,3,132,1,1,3,4,6,2,1,5
504,2360000.0,0,0,0,0,1,1,0,1,0,0,1,1,3,150,1,2,3,4,7,2,1,5
505,1465000.0,0,0,0,0,0,1,0,1,0,0,0,1,3,113,2,2,2,2,9,2,1,5
506,1800000.0,0,0,0,0,0,0,0,0,0,0,0,1,3,124,1,1,2,8,9,2,1,5
507,2110000.0,0,0,0,0,0,0,0,0,0,0,0,0,3,172,1,1,2,4,8,2,1,5
508,2420000.0,0,0,0,0,0,1,0,1,0,0,0,1,4,220,1,2,2,1,7,2,1,5
509,1365000.0,0,0,0,0,1,0,0,0,0,0,1,0,3,190,1,2,2,2,6,2,1,4
510,2750000.0,0,0,0,0,0,1,0,1,1,0,1,1,4,230,1,2,2,3,6,2,1,7
511,1298000.0,0,0,0,0,0,1,0,1,0,0,1,0,2,97,1,1,1,3,7,2,1,4
512,2835000.0,0,0,0,0,0,1,0,1,0,0,1,0,4,202,3,1,2,3,8,2,1,6
513,2172500.0,0,0,0,0,0,0,0,0,0,0,0,0,3,163,2,1,2,3,9,2,1,5
514,1510000.0,0,0,0,0,0,1,0,1,0,0,1,1,3,124,2,2,3,3,11,2,1,4
515,1300000.0,0,0,0,0,0,0,0,1,0,0,0,0,2,110,2,1,4,4,6,2,1,4
516,3720000.0,0,0,0,0,1,1,0,0,1,0,1,1,4,215,2,3,5,6,7,2,1,7
517,2350000.0,0,0,0,0,1,1,0,0,0,0,0,1,4,180,2,3,3,9,6,2,1,5
518,3400000.0,0,0,0,0,1,1,0,0,0,0,1,1,4,208,1,2,3,3,6,2,1,6
519,2860000.0,0,0,0,0,1,1,0,0,0,0,1,1,4,221,1,3,3,3,6,2,1,6
520,1550000.0,0,0,0,0,0,1,0,1,0,0,1,0,1,63,1,1,1,7,8,2,1,2
521,1130000.0,0,0,0,0,0,1,0,1,0,0,0,0,2,89,1,1,1,2,4,2,1,4
522,1035000.0,0,0,0,0,0,1,0,1,0,0,0,1,1,60,1,1,1,4,6,2,1,2
523,1248000.0,0,0,0,0,0,1,0,0,0,0,1,0,2,90,1,1,1,6,9,2,1,4
524,2150000.0,0,0,0,0,0,1,0,1,1,0,1,1,4,143,1,1,1,5,6,2,1,5
525,1430000.0,0,0,0,0,1,1,0,1,0,0,0,1,2,105,1,1,1,5,7,2,1,4
526,660000.0,0,0,0,0,1,1,0,1,0,0,0,1,1,42,1,1,1,6,7,2,1,2
527,2650000.0,0,0,0,0,0,1,0,1,0,0,1,1,4,175,1,3,3,4,6,2,1,6
528,1800000.0,0,0,0,0,0,1,0,1,0,0,0,1,2,111,1,1,1,1,8,2,1,4
529,5650000.0,0,0,0,0,1,1,0,0,0,0,0,1,4,377,1,4,1,2,6,2,1,9
530,670000.0,0,0,0,0,0,1,0,0,0,0,0,1,1,42,1,1,1,4,7,2,1,2
531,1078333.333333333,0,0,0,0,0,0,0,0,0,0,0,0,2,76,1,1,1,4,6,2,1,3
532,1486666.6666666663,0,0,0,0,0,0,0,0,0,0,0,0,3,110,1,1,2,4,6,2,1,4
533,1895000.0,0,0,0,0,0,1,0,1,0,0,0,1,4,144,2,1,3,4,6,2,1,5
534,2195000.0,0,0,0,0,0,0,0,0,0,0,0,0,4,151,2,1,2,3,4,2,1,5
535,2495000.0,0,0,0,0,0,0,0,0,0,0,0,0,4,159,2,1,2,2,3,2,1,5
536,2795000.0,0,0,0,0,1,0,0,1,0,0,0,0,4,167,2,2,2,2,2,2,1,5
537,2333333.333333333,0,0,0,0,0,1,0,1,0,0,0,0,3,149,2,1,2,2,5,2,1,5
538,1871666.6666666663,0,0,0,0,0,0,0,0,0,0,0,0,2,127,1,1,1,1,5,2,1,4
539,1410000.0,0,0,0,0,1,1,0,1,0,0,0,1,2,106,1,1,1,1,6,2,1,4
540,1790000.0,0,0,0,0,0,0,0,0,0,0,0,1,3,148,1,1,1,5,8,2,1,5
541,1657500.0,0,0,0,0,0,0,0,0,0,0,0,0,2,122,1,1,1,3,7,2,1,4
542,1525000.0,0,0,0,0,1,1,0,1,0,0,1,1,2,96,1,1,2,1,6,2,1,4
543,2981250.0,0,0,0,0,0,0,0,0,0,0,0,0,2,152,1,1,2,1,5,2,1,5
544,4437500.0,0,0,0,0,0,0,0,0,0,0,0,0,2,208,1,1,3,2,5,2,1,6
545,5893750.0,0,0,0,0,0,0,0,0,0,0,0,0,2,264,1,1,3,2,5,2,1,7
546,7350000.0,0,0,0,0,1,1,0,1,0,0,0,1,2,321,1,2,4,3,5,2,1,8
547,4800000.0,0,0,0,0,0,1,0,1,1,0,0,1,5,360,2,2,5,3,5,2,1,7
548,5250000.0,0,0,0,0,1,1,0,1,0,0,1,0,3,240,1,1,4,3,5,2,1,6
549,6250000.0,0,0,0,0,1,1,0,0,0,0,1,1,3,260,1,1,3,3,5,2,1,5
550,4200000.0,0,0,0,0,1,0,0,1,0,0,1,0,5,274,3,2,2,4,6,2,1,7
551,5601333.333333333,0,0,0,0,0,0,0,0,0,0,0,0,4,288,2,2,1,4,6,2,1,7
552,7002666.666666666,0,0,0,0,0,0,0,0,0,0,0,0,4,302,2,2,1,4,6,2,1,7
553,8404000.0,0,0,0,0,0,0,0,0,0,0,0,0,4,317,2,2,1,4,6,2,1,8
554,3710000.0,0,0,0,0,0,1,0,1,0,0,0,1,4,252,2,2,1,1,6,2,1,6
555,1895000.0,0,0,0,0,1,1,0,0,0,0,0,0,3,135,2,2,1,6,6,2,1,5
556,1695000.0,0,0,0,0,1,1,0,1,0,0,0,1,4,124,1,1,1,2,5,2,1,6
557,3710000.0,0,0,0,0,1,1,0,1,0,0,0,1,5,255,1,1,1,1,6,2,1,6
558,3100000.0,0,0,0,0,1,1,0,1,1,0,1,1,5,260,1,3,2,3,6,2,1,8
559,3290000.0,0,0,0,0,0,1,0,1,0,0,0,1,4,223,1,2,3,2,7,2,1,6
560,2130000.0,0,0,0,0,1,1,0,1,0,0,1,1,1,161,1,1,3,2,7,2,1,6
561,2125000.0,0,0,0,0,0,1,0,1,0,0,0,1,3,146,1,1,3,2,7,2,1,5
562,2300000.0,0,0,0,0,0,1,0,0,1,0,1,1,3,200,1,2,3,2,7,2,1,6
563,5250000.0,0,0,0,0,1,1,0,1,0,0,1,0,3,240,1,1,2,3,6,2,1,6
564,6250000.0,0,0,0,0,1,1,0,0,0,0,1,1,3,260,1,1,2,3,5,2,1,5
565,4200000.0,0,0,0,0,1,0,0,1,0,0,1,0,5,274,3,2,2,4,6,2,1,7
566,4000000.0,0,0,0,0,0,0,0,0,0,0,0,0,4,236,2,1,2,3,6,2,1,6
567,3800000.0,0,0,0,0,0,0,0,0,0,0,0,0,3,199,2,1,2,2,6,2,1,5
568,3600000.0,0,0,0,0,0,0,0,1,0,0,1,0,2,162,1,1,2,2,6,2,1,4
569,3750000.0,0,0,0,0,1,1,0,1,1,0,1,1,4,305,1,4,2,1,5,2,1,7
570,1390000.0,0,0,0,0,0,1,0,1,0,0,0,1,3,128,1,1,2,1,7,2,1,5
571,1343333.333333333,0,0,0,0,0,0,0,0,0,0,0,0,2,113,1,1,2,1,6,2,1,4
572,1296666.666666667,0,0,0,0,0,0,0,0,0,0,0,0,2,98,1,1,2,1,5,2,1,4
573,1250000.0,0,0,0,0,0,0,0,1,0,0,1,0,2,83,1,1,2,1,5,2,1,4
574,2075000.0,0,0,0,0,0,0,0,0,0,0,0,0,3,126,1,2,1,1,6,2,1,5
575,2900000.0,0,0,0,0,0,1,0,1,0,0,0,0,4,170,1,3,1,2,8,2,1,6
576,355000.0,0,0,0,0,0,0,0,1,1,0,0,0,4,20,1,2,1,2,7,2,1,6
577,1590000.0,0,0,0,0,1,1,0,1,0,0,0,0,4,142,2,1,2,3,6,2,1,6
578,1995000.0,0,0,0,0,0,0,0,0,0,0,0,0,3,146,1,1,1,3,5,2,1,5
579,2400000.0,0,0,0,0,1,1,0,1,0,0,0,1,2,150,1,1,1,4,5,2,1,4
580,2390000.0,0,0,0,0,0,0,0,0,0,0,0,0,2,141,1,1,1,1,3,2,1,4
581,1650000.0,0,0,0,0,1,1,0,1,0,0,1,1,2,121,1,1,2,6,6,2,1,4
582,1875000.0,0,0,0,0,0,0,0,0,0,0,0,0,2,123,1,1,2,5,5,2,1,5
583,2100000.0,0,0,0,0,1,0,0,0,0,0,1,1,3,125,1,2,3,5,5,2,1,6
584,3750000.0,0,0,0,0,1,1,0,1,0,0,1,1,1,239,1,1,2,4,7,2,1,8
585,1345000.0,0,0,0,0,0,1,0,1,0,0,1,1,3,97,1,1,1,4,9,2,1,4
586,2790000.0,0,0,0,0,1,1,0,0,0,0,0,1,3,146,1,1,2,5,8,2,1,5
587,910000.0,0,0,0,0,0,1,0,1,0,0,0,0,2,67,1,1,1,1,6,2,1,3
588,1648000.0,0,0,0,0,0,1,0,0,0,0,0,1,3,135,1,2,1,1,6,2,1,5
589,355000.0,0,0,0,0,0,0,0,1,1,0,0,0,3,20,1,1,1,2,6,2,1,5
590,1590000.0,0,0,0,0,1,1,0,1,0,0,0,0,4,142,2,1,2,3,6,2,1,6
591,1845000.0,0,0,0,0,1,1,0,1,0,0,1,1,6,386,1,2,3,4,6,2,1,7
592,2100000.0,0,0,0,0,0,1,0,0,1,0,0,1,5,150,1,3,4,4,3,2,1,6
593,7415000.0,0,0,0,0,0,0,0,0,0,0,0,0,7,445,1,5,6,4,4,2,1,10
594,1890000.0,0,0,0,0,0,1,0,1,1,0,0,1,3,137,1,3,1,5,6,2,1,5
595,1490000.0,0,0,0,0,1,1,0,1,0,0,0,1,1,90,1,1,1,1,8,2,1,3
596,1340000.0,0,0,0,0,1,1,0,1,0,0,1,0,2,237,1,1,1,2,3,2,1,5
597,1190000.0,0,0,0,0,1,1,0,1,1,0,1,1,2,99,1,1,1,1,3,2,1,4
598,1251000.0,0,0,0,0,0,0,0,0,0,0,0,0,1,87,1,1,1,2,4,2,1,3
599,1312000.0,0,0,0,0,1,1,0,1,0,0,0,0,1,75,1,1,1,3,5,2,1,2
600,7245000.0,0,0,0,0,1,1,0,1,0,0,1,1,6,386,1,1,1,4,6,2,1,7
601,2100000.0,0,0,0,0,0,1,0,0,1,0,0,1,5,150,1,1,2,4,3,2,1,6
602,2100000.0,0,0,0,0,0,1,0,1,1,0,0,1,4,150,1,2,3,4,6,2,1,6
603,7415000.0,0,0,0,0,0,0,0,0,0,0,0,0,7,445,1,5,6,4,4,2,1,10
604,1890000.0,0,0,0,0,0,1,0,1,1,0,0,1,3,137,1,3,1,5,6,2,1,5
605,1099000.0,0,0,0,0,0,1,0,1,0,0,0,1,2,90,1,1,2,4,8,2,1,4
606,1130000.0,0,0,0,0,0,1,0,1,1,0,0,1,2,90,1,1,1,1,6,2,1,4
607,1940000.0,0,0,0,0,0,1,0,1,0,0,0,1,3,150,2,1,2,2,6,2,1,5
608,1790000.0,0,0,0,0,0,1,0,1,0,0,1,1,3,150,1,1,2,5,8,2,1,5
609,940000.0,0,0,0,0,0,1,0,1,0,0,1,1,2,93,1,1,1,4,9,2,1,4
610,785000.0,0,0,0,0,1,1,0,1,0,0,0,0,1,42,1,1,1,8,10,2,1,2
611,7280000.0,0,0,0,0,1,1,0,1,0,0,0,1,4,322,1,1,1,9,9,2,1,8
612,5950000.0,0,0,0,0,1,0,0,0,0,0,0,0,3,335,1,2,1,8,6,2,1,9
613,7000000.0,1,0,0,0,0,1,0,0,0,0,0,0,4,440,1,3,3,7,3,2,1,20
614,4500000.0,0,0,0,0,0,1,0,1,0,0,0,1,5,348,1,5,5,6,2,2,1,8
615,8340000.0,0,0,0,0,1,1,0,1,1,0,1,1,5,316,1,3,4,4,6,2,1,9
616,832000.0,0,0,0,0,1,1,0,0,0,0,0,0,1,50,1,1,3,7,7,2,1,2
617,1985000.0,0,0,0,0,1,1,0,1,1,0,0,1,3,120,1,1,2,4,6,2,1,5
618,3800000.0,0,0,0,0,0,1,0,1,0,0,0,0,2,200,1,1,2,2,5,2,1,4
619,6500000.0,0,0,0,0,1,1,0,0,0,0,1,1,5,281,3,1,5,2,5,2,1,8
620,4795000.0,0,0,0,0,0,0,0,0,0,0,0,0,4,229,2,1,4,3,5,2,1,7
621,3090000.0,0,0,0,0,1,1,0,0,1,0,1,1,4,177,1,1,3,5,6,2,1,6
622,7280000.0,0,0,0,0,1,1,0,1,0,0,0,1,4,322,1,1,3,9,9,2,1,8
623,2610000.0,0,0,0,0,1,1,0,1,0,0,0,1,3,202,1,2,3,1,8,2,1,6
624,4700000.0,0,0,0,0,1,1,0,0,0,0,1,1,4,250,1,3,3,4,8,2,1,7
625,2850000.0,0,0,0,0,0,1,0,1,0,0,0,0,3,163,1,2,2,4,6,2,1,5
626,2595000.0,0,0,0,0,0,1,0,1,0,0,1,0,1,177,1,2,2,5,5,2,1,4
627,3490000.0,0,0,0,0,0,0,0,1,0,0,1,1,5,303,1,2,2,6,5,2,1,8
628,832000.0,0,0,0,0,1,1,0,0,0,0,0,0,1,50,1,1,2,7,7,2,1,2
629,2310000.0,0,0,0,0,0,1,0,1,0,0,1,1,3,210,1,2,3,1,7,2,1,6
630,5150000.0,0,0,0,0,0,1,0,0,0,0,0,1,3,218,1,2,4,7,8,2,1,5
631,5950000.0,0,0,0,0,1,1,0,0,0,0,1,1,5,381,1,5,5,1,4,2,1,8
632,2150000.0,0,0,0,0,1,1,0,1,1,0,0,0,3,163,1,1,1,2,6,2,1,5
633,2855000.0,0,0,0,0,0,1,0,1,1,0,0,1,4,232,1,1,1,3,6,2,1,6
634,1195000.0,0,0,0,0,0,1,0,1,0,0,0,0,3,100,1,2,1,2,5,2,1,4
635,3090000.0,0,0,0,0,0,1,0,1,1,0,0,1,3,210,1,1,3,1,5,2,1,5
636,1398500.0,0,0,0,0,0,0,0,0,0,0,0,0,3,112,1,1,1,7,3,2,1,4
637,4500000.0,0,0,0,0,0,1,0,1,0,0,0,1,5,348,1,5,5,6,2,2,1,8
638,1690000.0,0,0,0,0,0,1,0,1,0,0,0,1,4,152,1,2,4,1,3,2,1,5
639,7300000.0,0,0,0,0,1,1,0,1,1,0,0,1,5,420,1,1,4,4,5,2,1,7
640,5440000.0,0,0,0,0,0,0,0,0,0,0,0,0,4,321,1,1,4,3,4,2,1,6
641,3580000.0,0,0,0,0,1,0,0,1,1,0,0,0,3,222,1,1,3,2,4,2,1,5
642,1690000.0,0,0,0,0,0,1,0,1,0,0,0,0,3,96,1,1,3,5,6,2,1,4
643,4200000.0,0,0,0,0,1,1,0,0,0,0,1,1,3,250,2,1,3,3,7,2,1,6
644,2745000.0,0,0,0,0,0,0,0,0,0,0,0,0,2,166,1,1,2,2,7,2,1,4
645,1290000.0,0,0,0,0,1,1,0,0,0,0,0,1,1,82,1,1,2,2,8,2,1,2
646,2100000.0,0,0,0,0,1,1,0,1,0,0,0,1,3,146,1,1,2,5,7,2,1,5
647,998000.0,0,0,0,0,0,1,0,1,0,0,1,1,1,73,1,1,1,4,8,2,1,2
648,1686000.0,0,0,0,0,0,0,0,0,0,0,0,0,1,114,1,1,1,4,8,2,1,3
649,2374000.0,0,0,0,0,0,0,0,0,0,0,0,0,2,156,1,1,2,4,8,2,1,5
650,3062000.0,0,0,0,0,0,0,0,0,0,0,0,0,3,198,1,1,3,4,8,2,1,7
651,3750000.0,0,0,0,0,0,1,0,1,0,0,0,1,4,240,1,1,4,4,8,2,1,9
652,2898000.0,0,0,0,0,0,1,0,1,0,0,0,1,5,222,2,1,3,3,4,2,1,7
653,2700000.0,0,0,0,0,0,1,0,1,0,0,0,1,3,210,1,2,2,5,4,2,1,7
654,1380000.0,0,0,0,0,0,1,0,0,1,0,0,1,3,140,1,1,2,4,4,2,1,5
655,1575000.0,0,0,0,0,0,1,0,0,0,0,1,1,3,110,1,1,2,3,4,2,1,5
656,2120000.0,0,0,0,0,0,1,0,0,1,0,1,0,4,160,1,2,2,1,5,2,1,6
657,2155000.0,0,0,0,0,0,0,0,0,0,0,0,0,4,175,1,1,2,2,5,2,1,6
658,2190000.0,0,0,0,0,0,1,0,1,1,0,1,1,4,190,1,1,2,4,6,2,1,7
659,1280000.0,0,0,0,0,0,1,0,1,1,0,1,1,3,101,1,1,1,5,6,2,1,4
660,1020000.0,0,0,0,0,0,1,0,1,0,0,1,1,2,74,1,1,1,3,7,2,1,4
661,1120000.0,0,0,0,0,0,1,0,1,1,0,1,1,2,82,1,1,1,3,6,2,1,4
662,4672500.0,0,0,0,0,0,0,0,0,0,0,1,0,6,293,2,2,1,5,7,2,1,7
663,915000.0,0,0,0,0,1,1,0,0,1,0,1,1,3,74,2,1,1,5,5,2,1,4
664,6825000.0,0,0,0,0,0,1,0,1,1,0,0,1,6,425,2,3,2,1,6,2,1,9
665,686000.0,0,0,0,0,0,1,0,1,0,0,1,1,1,45,2,3,2,3,6,2,1,2
666,686000.0,0,0,0,0,0,0,0,0,0,0,0,0,1,45,2,3,2,3,6,2,1,2
